age,workclass,fnlwgt,education,education_num,marital_status,occupation,relationship,race,sex,capital_gain,capital_loss,hours_per_week,native_country,income
17,Federal-gov,207107,Assoc-acdm,1,Divorced,Adm-clerical,Unmarried,Asian-Pac-Islander,Male,0,2080,40,Philippines,unknown
48,Private,276664,Doctorate,1,Married-civ-spouse,missing,Husband,White,Male,0,1902,40,United-States,>50K
60,Self-emp-not-inc,282066,Bachelors,1,Married-civ-spouse,Exec-managerial,Husband,White,Male,0,1977,40,United-States,>50K
59,Private,132879,HS-grad,1,Married-civ-spouse,Craft-repair,Husband,White,Male,0,1902,40,United-States,>50K
38,?,40052,Some-college,1,Never-married,?,Not-in-family,White,Male,0,2001,45,United-States,<=50K
21,Private,109414,Some-college,1,Never-married,Prof-specialty,Own-child,Asian-Pac-Islander,Male,0,1974,37,United-States,<=50K
39,Private,237713,Prof-school,1,Married-civ-spouse,Sales,Husband,White,Male,0,2415,99,United-States,>50K
49,Private,199029,Bachelors,1,Married-civ-spouse,Sales,Husband,White,Male,0,2415,55,United-States,>50K
38,Private,35429,HS-grad,1,Married-civ-spouse,Handlers-cleaners,Husband,White,Male,0,2042,42,United-States,<=50K
44,Local-gov,101593,Masters,1,Never-married,Prof-specialty,Not-in-family,White,Male,0,1876,50,United-States,<=50K
36,Private,126675,Masters,1,Married-civ-spouse,Prof-specialty,Husband,White,Male,0,1977,60,United-States,>50K
32,Private,156464,HS-grad,1,Married-civ-spouse,Sales,Husband,White,Male,0,1902,50,United-States,>50K
75,Private,100313,Some-college,1,Married-civ-spouse,Protective-serv,Husband,White,Male,0,1902,40,United-States,>50K
38,###,160192,HS-grad,1,Married-civ-spouse,unknown,Husband,White,Male,0,2051,55,United-States,<=50K
45,Private,192835,Bachelors,1,Married-civ-spouse,Exec-managerial,Husband,White,Male,0,1977,55,United-States,>50K
47,Self-emp-not-inc,355978,Doctorate,1,Married-civ-spouse,Transport-moving,Husband,White,Male,0,2002,26,United-States,<=50K
49,Private,137591,Some-college,1,Never-married,Sales,Own-child,White,Male,0,1762,40,United-States,<=50K
65,Private,200374,Bachelors,1,Married-civ-spouse,!,Husband,White,Male,0,1902,40,United-States,>50K
40,Local-gov,147372,Some-college,1,Never-married,Protective-serv,Not-in-family,White,Male,0,2444,40,United-States,>50K
47,Self-emp-inc,139268,Prof-school,1,Married-civ-spouse,Prof-specialty,Husband,White,Male,0,1977,60,United-States,>50K
34,Local-gov,105540,Bachelors,1,Married-civ-spouse,Prof-specialty,Husband,White,Male,0,2051,40,United-States,<=50K
29,Private,250967,Assoc-voc,1,Married-civ-spouse,Machine-op-inspct,Husband,White,Male,0,1887,48,United-States,>50K
50,Local-gov,168672,Masters,1,Married-civ-spouse,Prof-specialty,Wife,White,Female,0,1902,40,United-States,>50K
36,Private,86459,Assoc-voc,1,Married-civ-spouse,Exec-managerial,Husband,White,Male,0,0,50,United-States,>50K
55,Private,0,Masters,1,Married-civ-spouse,Exec-managerial,Husband,White,Male,0,1977,40,United-States,>50K
36,Private,189404,Bachelors,1,Married-civ-spouse,Sales,Husband,White,Male,0,1977,28,United-States,>50K
59,Local-gov,0,HS-grad,1,Widowed,Farming-fishing,Unmarried,White,Male,0,2339,40,United-States,<=50K
48,Private,413363,11th,1,Married-civ-spouse,Transport-moving,Husband,White,Male,0,2002,40,United-States,<=50K
51,Private,135296,Bachelors,1,Never-married,Exec-managerial,Not-in-family,White,Female,0,2258,63,United-States,>50K
41,unknown,93227,Bachelors,1,Married-civ-spouse,Exec-managerial,Husband,Asian-Pac-Islander,Male,0,1977,57,Taiwan,>50K
41,Self-emp-not-inc,277783,Some-college,1,Divorced,Craft-repair,Not-in-family,White,Male,0,2001,50,United-States,<=50K
41,Private,41090,HS-grad,1,Married-civ-spouse,Craft-repair,Husband,White,Male,0,2002,60,United-States,<=50K
57,Private,119004,HS-grad,1,Married-civ-spouse,Adm-clerical,Wife,White,Female,0,0,40,United-States,<=50K
79,Self-emp-inc,223215,Bachelors,1,Married-civ-spouse,Exec-managerial,Husband,White,Male,0,1977,71,United-States,>50K
60,Private,162347,Prof-school,1,Married-civ-spouse,Exec-managerial,Husband,White,Male,0,1902,57,United-States,>50K
53,Private,608184,Bachelors,1,Married-civ-spouse,bad_data,Husband,Black,Male,0,1902,40,United-States,>50K
38,Local-gov,329980,HS-grad,1,Never-married,Craft-repair,Not-in-family,White,Male,0,1876,40,Canada,<=50K
39,Private,198654,Prof-school,1,Married-civ-spouse,Prof-specialty,Husband,Asian-Pac-Islander,Male,0,2415,67,India,>50K
39,Private,114844,Bachelors,1,Never-married,Sales,Not-in-family,White,Male,0,1876,50,United-States,<=50K
70,Self-emp-inc,141058,Some-college,1,Divorced,Exec-managerial,Not-in-family,White,Male,0,2339,50,United-States,<=50K
43,Private,115806,Masters,1,Divorced,Exec-managerial,Unmarried,White,Female,0,2547,40,United-States,>50K
60,Self-emp-inc,336188,Prof-school,1,Married-civ-spouse,Prof-specialty,Husband,White,Male,0,2415,79,United-States,>50K
64,Private,337050,Masters,1,Married-civ-spouse,Exec-managerial,Husband,White,Male,0,1977,57,United-States,>50K
66,Local-gov,36364,HS-grad,1,Married-civ-spouse,missing,Husband,White,Male,0,2267,40,United-States,<=50K
68,Private,211287,Masters,1,Married-civ-spouse,Exec-managerial,Husband,White,Male,0,2392,40,United-States,>50K
68,Private,415287,HS-grad,1,Married-civ-spouse,Machine-op-inspct,Husband,Black,Male,0,1902,40,United-States,>50K
24,Private,379066,Some-college,1,Never-married,Adm-clerical,Not-in-family,White,Male,0,2205,13,United-States,<=50K
36,State-gov,112497,Bachelors,1,Divorced,Prof-specialty,Not-in-family,White,Male,0,1876,44,United-States,<=50K
54,Local-gov,185846,Masters,1,Married-civ-spouse,Prof-specialty,Husband,White,Male,0,1977,40,United-States,>50K
30,Federal-gov,164552,Bachelors,1,Never-married,Prof-specialty,Not-in-family,White,Male,0,1876,40,United-States,<=50K
48,Private,454508,11th,1,Never-married,Craft-repair,Not-in-family,White,Male,0,2001,40,United-States,<=50K
54,Private,292472,Some-college,1,Never-married,Craft-repair,Not-in-family,Asian-Pac-Islander,Male,0,1876,45,Cambodia,<=50K
61,?,135285,HS-grad,1,Married-civ-spouse,?,Husband,White,Male,0,2603,32,United-States,<=50K
36,Private,334291,Some-college,1,Married-civ-spouse,Craft-repair,Husband,White,Male,0,1887,25,United-States,>50K
66,?,213149,Some-college,1,Married-civ-spouse,?,Husband,White,Male,0,1825,59,United-States,>50K
30,Private,315640,Doctorate,1,Married-civ-spouse,Prof-specialty,Husband,Asian-Pac-Islander,Male,0,1977,40,China,>50K
63,Private,175935,HS-grad,1,Divorced,Transport-moving,Not-in-family,unknown,Male,0,1980,65,United-States,<=50K
44,Private,111567,Masters,1,Married-civ-spouse,Exec-managerial,Husband,White,unknown,0,1902,45,Germany,>50K
41,Self-emp-not-inc,170214,unknown,1,unknown,Handlers-cleaners,Husband,White,Male,0,2179,46,United-States,<=50K
62,Private,218009,HS-grad,1,Married-civ-spouse,Transport-moving,Husband,White,Male,0,1977,63,United-States,unknown
51,Local-gov,146325,Doctorate,1,Married-civ-spouse,Prof-specialty,Husband,White,Male,0,1887,40,United-States,>50K
56,Self-emp-inc,208809,HS-grad,1,Married-civ-spouse,unknown,Husband,White,Male,0,1902,40,United-States,>50K
32,Private,194740,Bachelors,1,Married-civ-spouse,Sales,Husband,White,Male,0,0,40,United-States,>50K
27,Private,169117,HS-grad,1,unknown,Adm-clerical,Wife,Black,Female,0,1887,40,United-States,>50K
86,Private,166149,HS-grad,1,Widowed,Adm-clerical,Not-in-family,White,Female,0,2206,35,United-States,<=50K
33,Private,34748,HS-grad,1,Married-civ-spouse,Adm-clerical,unknown,White,Female,0,1887,20,United-States,>50K
57,Private,260954,11th,1,Married-civ-spouse,Craft-repair,Husband,White,Male,0,2042,30,United-States,<=50K
31,Private,189759,HS-grad,1,Never-married,Farming-fishing,Not-in-family,White,Male,0,2001,40,United-States,<=50K
57,Private,437727,Masters,1,Married-civ-spouse,Prof-specialty,Husband,White,Male,0,1977,45,United-States,>50K
72,unknown,110748,Bachelors,1,Married-civ-spouse,Exec-managerial,Husband,White,Male,0,1887,29,United-States,>50K
34,Private,55717,HS-grad,1,Married-civ-spouse,Craft-repair,Husband,White,Male,0,1848,50,United-States,>50K
55,?,123382,HS-grad,1,Separated,?,Not-in-family,Black,Female,0,2001,40,United-States,<=50K
48,Private,140782,Masters,1,unknown,Exec-managerial,Wife,White,Female,0,1902,38,United-States,>50K
59,Private,348430,Bachelors,1,Married-civ-spouse,Prof-specialty,Husband,White,Male,0,1902,64,United-States,>50K
33,Private,176185,12th,1,Divorced,Craft-repair,Not-in-family,White,Male,0,2258,42,United-States,<=50K
31,Self-emp-not-inc,161745,Bachelors,1,Married-spouse-absent,Exec-managerial,Not-in-family,White,Male,0,1980,60,United-States,<=50K
55,Private,368797,Masters,1,Married-civ-spouse,Exec-managerial,Husband,White,Male,0,1977,60,United-States,>50K
35,Private,340110,Bachelors,1,Married-civ-spouse,Exec-managerial,Husband,White,Male,0,1848,56,United-States,>50K
35,Private,147258,Some-college,1,Never-married,Machine-op-inspct,Not-in-family,White,Male,0,1974,40,United-States,<=50K
35,unknown,146879,HS-grad,1,Never-married,Other-service,Not-in-family,White,Male,0,2001,40,United-States,<=50K
44,Private,191335,Assoc-acdm,1,Married-civ-spouse,Craft-repair,Husband,White,Male,0,1902,26,United-States,>50K
34,Private,189759,Bachelors,1,Married-civ-spouse,Exec-managerial,Husband,White,Male,0,1977,45,United-States,>50K
46,Private,172581,Bachelors,1,Married-civ-spouse,Exec-managerial,Husband,White,Male,0,1902,50,United-States,>50K
46,Private,324655,Masters,1,Married-civ-spouse,Tech-support,Husband,White,Male,0,1902,1,?,>50K
29,Private,46442,Bachelors,1,Married-civ-spouse,unknown,Wife,White,Female,0,1902,31,United-States,>50K
23,Private,44064,Some-college,1,Separated,Other-service,Not-in-family,White,Male,0,2559,21,United-States,>50K
73,Self-emp-not-inc,402397,Masters,1,Married-civ-spouse,Exec-managerial,Wife,White,Female,0,1902,60,unknown,>50K
65,?,143118,??,1,Widowed,?,Unmarried,White,Female,0,2206,1,United-States,<=50K
66,Local-gov,344855,Masters,1,unknown,Prof-specialty,Wife,White,Female,0,1977,20,United-States,>50K
28,Private,111696,HS-grad,1,Separated,Craft-repair,Not-in-family,White,Male,0,1974,55,United-States,<=50K
47,Private,148995,Bachelors,1,Married-civ-spouse,Exec-managerial,Husband,White,Male,0,2415,1,United-States,>50K
47,Private,265807,HS-grad,1,Married-civ-spouse,Transport-moving,Husband,White,unknown,0,0,55,United-States,<=50K
65,Private,139193,HS-grad,1,Divorced,Machine-op-inspct,Not-in-family,White,Male,0,1980,48,United-States,<=50K
45,Private,198103,HS-grad,1,Never-married,Transport-moving,Own-child,White,Male,0,1980,40,United-States,<=50K
59,Private,81929,Doctorate,1,Married-civ-spouse,Prof-specialty,Husband,White,Male,0,2415,45,United-States,>50K
46,Local-gov,36228,HS-grad,1,Married-civ-spouse,Craft-repair,unknown,White,Male,0,1902,40,United-States,<=50K
90,?,240857,Bachelors,1,Married-civ-spouse,?,Husband,White,Male,0,2377,40,United-States,>50K
47,Private,239865,HS-grad,1,Married-civ-spouse,Craft-repair,Husband,White,Male,0,1977,45,United-States,>50K
55,Private,125461,123,1,unknown,Sales,Husband,White,Male,0,1902,77,United-States,>50K
80,Self-emp-inc,139391,Some-college,1,Married-civ-spouse,Sales,Husband,White,Male,0,1902,35,United-States,>50K
32,Private,195602,Bachelors,1,Married-civ-spouse,Sales,Husband,White,Male,0,1977,45,United-States,>50K
55,Self-emp-inc,124137,Prof-school,1,Married-civ-spouse,Prof-specialty,Husband,White,Male,0,0,35,Greece,>50K
52,Private,314007,10th,1,Married-civ-spouse,Craft-repair,Husband,White,Male,0,2051,55,United-States,<=50K
17,Private,77009,11th,1,Separated,Sales,Not-in-family,White,Female,0,2754,46,United-States,<=50K
46,Local-gov,175754,Masters,1,Divorced,Prof-specialty,Not-in-family,White,Female,0,1876,55,United-States,<=50K
28,Local-gov,304960,Assoc-acdm,1,Never-married,Adm-clerical,Not-in-family,White,Female,0,1980,40,United-States,<=50K
65,Local-gov,324791,Masters,1,Married-civ-spouse,Prof-specialty,Husband,White,Male,0,1887,50,United-States,>50K
45,Private,172274,Doctorate,1,Divorced,Prof-specialty,Unmarried,Black,Female,0,3004,42,United-States,>50K
50,Private,285200,Some-college,1,Married-civ-spouse,Craft-repair,Husband,White,Male,0,1887,35,United-States,>50K
78,Self-emp-inc,188044,Bachelors,1,Married-civ-spouse,Exec-managerial,Husband,White,Male,0,2392,42,United-States,>50K
90,Self-emp-not-inc,292915,Bachelors,1,Married-civ-spouse,Exec-managerial,Husband,White,Male,0,1825,12,United-States,>50K
70,Private,167523,HS-grad,1,Married-civ-spouse,Transport-moving,Husband,White,Male,0,2179,45,United-States,<=50K
83,Federal-gov,39181,Doctorate,1,Divorced,Exec-managerial,Not-in-family,White,Female,0,2559,60,United-States,>50K
28,Local-gov,154863,HS-grad,1,Never-married,Protective-serv,Other-relative,Black,Male,0,1876,40,United-States,<=50K
83,?,191118,HS-grad,1,Married-civ-spouse,?,Husband,White,Male,0,1848,40,United-States,>50K
66,Private,175942,Doctorate,1,Married-civ-spouse,Prof-specialty,Husband,White,Male,0,1977,69,?,>50K
54,Self-emp-not-inc,199741,HS-grad,1,Widowed,Craft-repair,Not-in-family,White,Male,0,2001,35,United-States,<=50K
40,Self-emp-not-inc,335549,Prof-school,1,Never-married,Prof-specialty,Not-in-family,White,unknown,0,2444,45,United-States,>50K
61,State-gov,186451,Prof-school,1,Married-civ-spouse,Prof-specialty,Husband,White,Male,0,1902,40,United-States,>50K
63,Federal-gov,156996,Prof-school,1,Married-civ-spouse,Prof-specialty,Husband,Asian-Pac-Islander,Male,0,2415,51,?,>50K
50,Private,110643,Bachelors,1,Married-civ-spouse,Exec-managerial,Husband,White,Male,0,1977,55,United-States,>50K
37,Private,329980,Masters,1,Married-civ-spouse,Exec-managerial,Husband,White,Male,0,2415,60,United-States,>50K
83,Local-gov,174132,Masters,1,Married-civ-spouse,Prof-specialty,unknown,Black,Female,0,1977,32,United-States,unknown
26,Private,397317,Masters,1,Never-married,Prof-specialty,Not-in-family,White,Female,0,1876,40,United-States,<=50K
55,Self-emp-not-inc,248841,Masters,1,Married-civ-spouse,Prof-specialty,Husband,White,Male,0,1977,45,United-States,>50K
50,Private,128392,HS-grad,1,Married-civ-spouse,Machine-op-inspct,Husband,White,Male,0,1887,31,United-States,>50K
61,Private,26522,Some-college,1,Married-civ-spouse,Adm-clerical,Wife,White,Female,0,1902,35,United-States,>50K
26,Local-gov,166295,Bachelors,1,Never-married,Prof-specialty,Not-in-family,White,Male,0,2339,55,United-States,<=50K
38,Private,154410,HS-grad,1,Married-civ-spouse,Craft-repair,Husband,White,Male,0,2051,53,Poland,<=50K
44,State-gov,193524,Masters,1,Married-civ-spouse,Exec-managerial,Husband,White,Male,0,1902,40,United-States,>50K
35,Private,152909,Bachelors,1,Married-civ-spouse,Exec-managerial,Husband,White,Male,0,1887,45,United-States,>50K
49,Local-gov,193960,Masters,1,Married-civ-spouse,Prof-specialty,Husband,White,Male,0,1902,40,United-States,>50K
44,Self-emp-not-inc,124692,HS-grad,1,Married-civ-spouse,Prof-specialty,Husband,White,Male,0,1902,40,United-States,>50K
82,Private,132870,HS-grad,1,Widowed,Exec-managerial,Not-in-family,White,Female,0,4356,23,United-States,<=50K
42,Private,230959,Bachelors,1,Married-civ-spouse,Adm-clerical,Wife,Asian-Pac-Islander,Female,0,1887,40,Philippines,>50K
42,Self-emp-inc,277256,Doctorate,1,Married-civ-spouse,missing,Husband,White,Male,0,1977,60,United-States,>50K
65,Self-emp-not-inc,33310,??,1,Divorced,Other-service,Not-in-family,White,Female,0,2339,35,United-States,<=50K
49,Private,102583,Some-college,1,Married-civ-spouse,Prof-specialty,Husband,White,Male,0,1848,44,United-States,>50K
27,Private,160786,11th,1,Married-civ-spouse,Craft-repair,Husband,White,Male,0,1902,40,United-States,>50K
31,Private,147284,Doctorate,1,Married-civ-spouse,Prof-specialty,Husband,White,Male,0,1977,53,United-States,>50K
70,Self-emp-not-inc,124449,unknown,1,Married-civ-spouse,Exec-managerial,Husband,White,Male,0,2246,8,United-States,>50K
31,Self-emp-not-inc,252752,HS-grad,1,Married-civ-spouse,Other-service,Wife,White,Female,0,2415,40,United-States,>50K
46,Private,377401,HS-grad,1,Married-civ-spouse,Transport-moving,Husband,White,Male,0,1902,99,unknown,>50K
46,Self-emp-not-inc,353012,Doctorate,1,Married-civ-spouse,Prof-specialty,Husband,White,Male,0,1902,50,United-States,>50K
46,Private,45363,Prof-school,1,Divorced,Prof-specialty,Not-in-family,White,Male,0,2824,40,United-States,>50K
58,Private,222247,10th,1,Married-civ-spouse,Transport-moving,Husband,White,Male,0,1887,40,United-States,>50K
49,Local-gov,102359,9th,1,Widowed,Handlers-cleaners,Unmarried,White,Male,0,2231,40,United-States,>50K
45,Private,133503,HS-grad,1,Married-civ-spouse,Sales,Husband,White,Male,0,1977,62,United-States,>50K
22,Private,119592,Assoc-acdm,1,Never-married,Handlers-cleaners,Not-in-family,Black,unknown,0,2824,43,?,>50K
38,Private,150601,10th,1,Separated,Adm-clerical,Unmarried,White,Male,0,3770,40,United-States,<=50K
46,Private,185027,Assoc-acdm,1,Married-civ-spouse,Craft-repair,Husband,White,Male,0,1887,40,Ireland,>50K
62,Private,200445,HS-grad,1,Never-married,Machine-op-inspct,Own-child,White,Male,0,1974,23,United-States,<=50K
45,Private,54744,Some-college,1,Married-civ-spouse,Craft-repair,Husband,White,Male,0,1848,32,United-States,>50K
63,Private,186785,HS-grad,1,Never-married,Sales,Not-in-family,White,Male,0,1876,50,United-States,<=50K
66,Private,149909,HS-grad,1,Married-civ-spouse,Craft-repair,Husband,White,Male,0,0,40,United-States,>50K
41,Self-emp-not-inc,200574,Prof-school,1,Married-civ-spouse,Prof-specialty,Husband,White,Male,0,1977,37,United-States,>50K
65,State-gov,31141,Some-college,1,Married-civ-spouse,Protective-serv,Husband,White,Male,0,1902,40,United-States,>50K
38,Private,278924,Bachelors,1,Married-civ-spouse,Exec-managerial,Husband,unknown,Male,0,1887,1,United-States,>50K
89,Local-gov,362165,Bachelors,1,Widowed,Prof-specialty,Not-in-family,Black,Female,0,2206,25,United-States,<=50K
48,Private,0,Assoc-acdm,1,Married-civ-spouse,Sales,Husband,White,Male,0,1902,1,United-States,>50K
60,Private,186916,Some-college,1,Married-civ-spouse,Transport-moving,Husband,White,Male,0,1887,60,United-States,>50K
26,Private,82246,Bachelors,1,Never-married,Exec-managerial,Not-in-family,White,Male,0,1876,38,United-States,<=50K
28,Private,166481,7th-8th,1,Married-civ-spouse,Handlers-cleaners,Husband,Other,Male,0,2179,40,Puerto-Rico,<=50K
41,Self-emp-inc,140365,Bachelors,1,Married-civ-spouse,Exec-managerial,Husband,White,Male,0,1902,55,United-States,>50K
61,Private,115023,Assoc-voc,1,Married-civ-spouse,Craft-repair,Husband,White,Male,0,1887,60,United-States,>50K
59,Local-gov,171328,HS-grad,1,Separated,Protective-serv,Other-relative,Black,Female,0,0,40,United-States,<=50K
52,Private,34273,Assoc-voc,1,Never-married,Prof-specialty,Not-in-family,White,Female,0,1876,36,Canada,<=50K
41,Federal-gov,36651,Masters,1,Married-civ-spouse,Exec-managerial,Husband,White,Male,0,1848,40,United-States,>50K
35,Private,272019,11th,1,Married-civ-spouse,Craft-repair,Husband,White,Male,0,2057,58,unknown,<=50K
70,Self-emp-not-inc,185129,Prof-school,1,Married-civ-spouse,Prof-specialty,Husband,White,Male,0,1887,40,United-States,>50K
56,Private,102771,HS-grad,1,Married-civ-spouse,Craft-repair,Husband,White,Male,0,1887,39,United-States,>50K
74,Local-gov,176751,Bachelors,1,Married-civ-spouse,Prof-specialty,Husband,White,Male,0,1902,31,United-States,>50K
46,Private,155659,11th,1,Married-civ-spouse,Craft-repair,Husband,White,Male,0,1902,40,United-States,>50K
31,Private,183043,Masters,1,Married-civ-spouse,Exec-managerial,Husband,White,Male,0,1977,48,United-States,unknown
72,Private,152810,Masters,1,Married-civ-spouse,Exec-managerial,Husband,White,Male,0,1977,55,United-States,>50K
58,Private,156040,Assoc-acdm,1,Married-civ-spouse,Machine-op-inspct,Husband,Black,Male,0,1848,40,United-States,>50K
23,Private,143003,Masters,1,Married-civ-spouse,Prof-specialty,Husband,Asian-Pac-Islander,Male,0,1887,50,India,>50K
86,Self-emp-not-inc,309955,Prof-school,1,Married-civ-spouse,Prof-specialty,Husband,White,Male,0,2174,50,United-States,>50K
25,Private,193820,Bachelors,1,Never-married,Sales,Not-in-family,White,Female,0,1876,40,United-States,<=50K
67,Private,20953,Some-college,1,Married-civ-spouse,Sales,Husband,White,Male,0,1902,46,United-States,>50K
54,Private,140359,7th-8th,1,Divorced,bad_data,Unmarried,White,Female,0,3900,22,United-States,<=50K
46,Self-emp-not-inc,168195,Prof-school,1,Married-civ-spouse,Prof-specialty,Husband,White,Male,0,1902,45,United-States,>50K
45,Local-gov,159816,Masters,1,Married-civ-spouse,Prof-specialty,Wife,White,Female,0,1977,35,United-States,>50K
60,Private,127084,unknown,1,Married-civ-spouse,Protective-serv,Husband,White,Male,0,2042,34,United-States,<=50K
36,Private,297847,HS-grad,1,Never-married,Other-service,Not-in-family,Black,Female,0,2001,40,United-States,<=50K
64,Self-emp-inc,143123,Assoc-voc,1,Married-civ-spouse,Craft-repair,Husband,White,Male,0,2415,40,United-States,>50K
52,Private,198863,Prof-school,1,Divorced,Exec-managerial,Not-in-family,White,unknown,0,2559,60,unknown,>50K
54,Private,221947,Some-college,1,Married-civ-spouse,Exec-managerial,Husband,White,Male,0,1887,56,United-States,>50K
36,Private,145576,Masters,1,Married-civ-spouse,Adm-clerical,Husband,White,Male,0,1977,27,Japan,>50K
60,State-gov,234854,Doctorate,1,Married-civ-spouse,Prof-specialty,Husband,White,Male,0,0,40,United-States,>50K
47,Self-emp-not-inc,228660,Some-college,1,Married-civ-spouse,Craft-repair,Husband,White,Male,0,1977,26,United-States,>50K
46,Private,403911,HS-grad,1,Married-civ-spouse,Craft-repair,Husband,Black,Male,0,1902,40,United-States,>50K
41,unknown,297248,Prof-school,1,Married-civ-spouse,Prof-specialty,Husband,White,Male,0,2415,45,United-States,>50K
52,Local-gov,305053,unknown,1,Married-civ-spouse,Craft-repair,Husband,White,Male,0,2051,40,United-States,<=50K
81,Private,98350,Prof-school,1,Married-civ-spouse,Craft-repair,Husband,Asian-Pac-Islander,Male,0,1902,40,Philippines,>50K
46,Private,114032,Some-college,1,Married-civ-spouse,Tech-support,Husband,White,Male,0,1887,45,United-States,>50K
37,Private,265737,Some-college,1,Married-civ-spouse,Exec-managerial,Husband,unknown,Male,0,1887,60,Cuba,>50K
51,Self-emp-not-inc,234960,Bachelors,1,Married-civ-spouse,Prof-specialty,Husband,Black,Male,0,1887,48,United-States,>50K
49,Private,155343,HS-grad,1,Married-civ-spouse,Craft-repair,Husband,White,Male,0,1848,50,United-States,>50K
66,State-gov,132055,123,1,Married-civ-spouse,Exec-managerial,Husband,White,Male,0,1825,40,United-States,>50K
32,Private,204374,Prof-school,1,Married-civ-spouse,Prof-specialty,unknown,White,Male,0,1977,60,United-States,>50K
76,Private,313243,Some-college,1,Separated,Craft-repair,Not-in-family,White,Male,0,2444,45,United-States,>50K
50,Private,150999,Masters,1,Married-civ-spouse,Prof-specialty,Husband,White,Male,0,1977,40,United-States,>50K
90,?,100820,HS-grad,1,Married-civ-spouse,?,Husband,White,Male,0,2489,1,United-States,<=50K
45,Private,100651,HS-grad,1,Divorced,Other-service,Not-in-family,White,Male,0,1980,40,United-States,<=50K
37,Private,204277,HS-grad,1,Married-civ-spouse,Machine-op-inspct,Husband,White,Male,0,1848,48,United-States,>50K
44,Private,325461,Bachelors,1,Married-civ-spouse,Exec-managerial,Husband,White,Male,0,1902,55,United-States,unknown
53,Federal-gov,173093,Some-college,1,Married-civ-spouse,Exec-managerial,Wife,unknown,Female,0,1887,56,Philippines,>50K
83,Private,172281,HS-grad,1,Married-civ-spouse,Transport-moving,Husband,White,Male,0,2051,50,United-States,<=50K
25,Private,378322,HS-grad,1,Never-married,Craft-repair,Not-in-family,White,Male,0,2001,50,United-States,<=50K
49,Private,122066,5th-6th,1,Married-civ-spouse,Other-service,Husband,White,Male,0,2603,40,Greece,<=50K
34,Private,36385,Masters,1,Never-married,Prof-specialty,Not-in-family,White,Male,0,2258,50,United-States,<=50K
48,Private,175070,HS-grad,1,Divorced,Exec-managerial,Not-in-family,White,Female,0,2258,43,United-States,>50K
39,Private,30529,Bachelors,1,Married-civ-spouse,Exec-managerial,Husband,White,Male,0,1887,40,United-States,>50K
30,Self-emp-not-inc,257295,Some-college,1,Never-married,Sales,Other-relative,Asian-Pac-Islander,Male,0,0,45,South,<=50K
73,Federal-gov,61885,Bachelors,1,Never-married,Transport-moving,Not-in-family,Black,Male,0,2001,65,United-States,unknown
17,Private,326857,Masters,1,Married-civ-spouse,Sales,Husband,White,Male,0,2415,1,United-States,>50K
48,Private,93476,HS-grad,1,Separated,Adm-clerical,Not-in-family,White,Female,0,2001,40,United-States,<=50K
62,Private,71751,Some-college,1,Married-civ-spouse,Exec-managerial,Husband,White,Male,0,1977,87,United-States,>50K
45,Private,86648,Masters,1,Married-civ-spouse,Prof-specialty,Husband,White,Male,0,1977,45,United-States,>50K
35,Private,200117,Bachelors,1,Married-civ-spouse,Exec-managerial,Husband,Asian-Pac-Islander,Male,0,1887,50,?,>50K
50,State-gov,289207,Doctorate,1,Married-civ-spouse,Prof-specialty,Husband,White,Male,0,1902,45,United-States,>50K
64,Self-emp-not-inc,145290,HS-grad,1,Married-civ-spouse,Exec-managerial,Husband,White,Male,0,2415,71,United-States,>50K
28,Local-gov,175262,Assoc-acdm,1,Married-civ-spouse,Protective-serv,Husband,White,Male,0,2002,40,England,<=50K
45,Private,291968,unknown,1,Married-civ-spouse,Prof-specialty,Husband,White,Male,0,1977,40,United-States,>50K
37,Private,22463,Assoc-voc,1,Married-civ-spouse,Craft-repair,Husband,White,Male,0,1977,1,United-States,>50K
69,Self-emp-inc,221172,Prof-school,1,Married-civ-spouse,Prof-specialty,Husband,White,Male,0,1977,40,United-States,>50K
34,Self-emp-not-inc,157145,Some-college,1,Never-married,Farming-fishing,Own-child,White,Male,0,2258,10,United-States,<=50K
42,Private,212894,Bachelors,1,Married-civ-spouse,Sales,Husband,White,Male,0,1887,34,United-States,>50K
59,Private,226922,HS-grad,1,Divorced,Sales,Unmarried,White,Female,0,1762,30,United-States,<=50K
71,Private,150533,Some-college,1,Separated,Craft-repair,Not-in-family,White,Male,0,1876,55,United-States,<=50K
51,Private,162238,Masters,1,Married-civ-spouse,Exec-managerial,Husband,White,Male,0,1887,47,United-States,>50K
49,Private,142287,Some-college,1,Married-civ-spouse,Adm-clerical,Husband,White,Male,0,1902,50,United-States,>50K
34,Private,242984,HS-grad,1,Married-civ-spouse,Exec-managerial,Husband,White,Male,0,1887,45,United-States,>50K
38,Self-emp-not-inc,122493,10th,1,Married-civ-spouse,missing,Husband,White,Male,0,1887,40,United-States,>50K
24,Private,210029,HS-grad,1,Never-married,Adm-clerical,Not-in-family,White,Female,0,2001,37,United-States,<=50K
69,Private,153484,Masters,1,Married-civ-spouse,Exec-managerial,Husband,White,Male,0,1977,50,United-States,>50K
68,State-gov,202699,Masters,1,Married-civ-spouse,unknown,Husband,White,Male,0,2377,61,?,>50K
73,Private,168212,Doctorate,1,Married-civ-spouse,Prof-specialty,Husband,White,Male,0,1902,65,United-States,>50K
30,Private,159187,Bachelors,1,Married-civ-spouse,Prof-specialty,Husband,White,Male,0,1902,55,United-States,>50K
41,Self-emp-not-inc,208577,HS-grad,1,Never-married,Craft-repair,Not-in-family,White,Male,0,2258,50,United-States,<=50K
64,Self-emp-inc,161325,Assoc-acdm,1,Married-civ-spouse,Sales,Husband,White,unknown,0,1887,50,United-States,>50K
54,Private,511668,Doctorate,1,Married-civ-spouse,Exec-managerial,Husband,White,Male,0,1977,43,United-States,>50K
34,Private,174789,Bachelors,1,Never-married,Other-service,unknown,White,Male,0,2001,55,United-States,<=50K
69,Private,124930,5th-6th,1,Married-civ-spouse,Machine-op-inspct,Husband,White,Male,0,2267,1,United-States,<=50K
43,Private,170730,Bachelors,1,unknown,Exec-managerial,Husband,White,Male,0,1977,50,United-States,>50K
74,?,172175,Doctorate,1,Never-married,?,Not-in-family,unknown,Male,0,2824,45,United-States,>50K
41,?,27187,Assoc-voc,1,Married-civ-spouse,?,Husband,White,Male,0,2415,12,United-States,>50K
32,###,116539,Bachelors,1,Married-civ-spouse,Exec-managerial,Husband,White,Male,0,1887,55,United-States,>50K
83,Self-emp-inc,153183,Bachelors,1,Married-civ-spouse,Exec-managerial,Husband,White,Male,0,2392,55,United-States,>50K
35,Private,192923,HS-grad,1,Married-civ-spouse,unknown,Husband,White,Male,0,2377,40,United-States,<=50K
56,Self-emp-inc,135500,HS-grad,1,Married-civ-spouse,unknown,Husband,White,Male,0,1977,40,United-States,>50K
36,Private,107916,HS-grad,1,Married-civ-spouse,Transport-moving,Husband,White,Male,0,2002,40,United-States,<=50K
36,Private,174938,Bachelors,1,Married-civ-spouse,Prof-specialty,Husband,White,Male,0,1887,50,unknown,>50K
53,Private,95469,Bachelors,1,Married-civ-spouse,Adm-clerical,Husband,White,Male,0,1902,37,United-States,>50K
35,Private,40135,Some-college,1,Married-civ-spouse,Handlers-cleaners,Husband,White,Male,0,2042,40,United-States,<=50K
50,Private,134766,Bachelors,1,Married-civ-spouse,Exec-managerial,Husband,White,Male,0,1902,50,United-States,>50K
31,Private,184306,Assoc-voc,1,Never-married,Transport-moving,Own-child,White,Male,0,1980,31,United-States,<=50K
38,Private,169926,Assoc-acdm,1,Married-civ-spouse,Exec-managerial,Wife,White,Female,0,1902,40,United-States,>50K
34,Private,223212,Bachelors,1,Married-civ-spouse,Prof-specialty,Husband,White,Male,0,1848,40,Peru,>50K
32,unknown,295589,Masters,1,Married-civ-spouse,Exec-managerial,Husband,Black,Male,0,1977,56,United-States,>50K
44,Private,151089,Bachelors,1,Married-civ-spouse,Prof-specialty,Husband,White,Male,0,1902,49,United-States,>50K
46,Private,34310,Assoc-voc,1,Married-civ-spouse,Craft-repair,Husband,White,unknown,0,2603,40,United-States,<=50K
56,Private,99146,Bachelors,1,Married-civ-spouse,Exec-managerial,Husband,White,Male,0,1977,31,United-States,>50K
57,Local-gov,114160,Masters,1,Married-civ-spouse,Exec-managerial,Husband,White,Male,0,1902,44,United-States,>50K
35,###,108293,Some-college,1,Never-married,Adm-clerical,Own-child,White,Female,0,2205,26,United-States,<=50K
73,Self-emp-not-inc,233882,HS-grad,1,Married-civ-spouse,Farming-fishing,Husband,Asian-Pac-Islander,Male,0,2457,40,Vietnam,<=50K
45,Private,108116,Bachelors,1,Married-civ-spouse,Exec-managerial,Husband,White,Male,0,1902,60,United-States,>50K
59,Private,396745,Bachelors,1,Married-civ-spouse,Prof-specialty,Husband,White,Male,0,2415,68,United-States,>50K
46,Private,147640,5th-6th,1,Married-civ-spouse,Transport-moving,Husband,Amer-Indian-Eskimo,Male,0,1902,40,United-States,<=50K
39,Private,134367,Masters,1,Married-civ-spouse,Prof-specialty,Wife,White,Female,0,1977,24,United-States,>50K
55,Self-emp-inc,151089,HS-grad,1,Married-civ-spouse,Exec-managerial,Husband,White,Male,0,1887,77,United-States,>50K
27,Private,141545,HS-grad,1,Married-civ-spouse,Transport-moving,Husband,White,Male,0,1902,45,United-States,<=50K
45,Private,102942,Bachelors,1,Never-married,Prof-specialty,Own-child,White,Female,0,2258,40,United-States,>50K
51,Private,191659,Some-college,1,Married-civ-spouse,Exec-managerial,Husband,White,Male,0,1887,65,United-States,unknown
34,Self-emp-not-inc,56460,HS-grad,1,Married-civ-spouse,Farming-fishing,Wife,White,Female,0,2179,12,United-States,<=50K
44,Private,151089,Masters,1,Married-civ-spouse,Prof-specialty,Husband,White,Male,0,1887,60,United-States,>50K
64,Private,175360,10th,1,Never-married,Prof-specialty,Not-in-family,White,Male,0,2559,90,United-States,>50K
79,Private,161691,Masters,1,Divorced,Prof-specialty,Not-in-family,White,Female,0,2559,39,United-States,>50K
38,Private,172571,Bachelors,1,Married-civ-spouse,Exec-managerial,Husband,White,Male,0,1848,64,United-States,>50K
55,Local-gov,176046,Masters,1,Married-civ-spouse,Prof-specialty,Wife,White,Female,0,2267,43,United-States,<=50K
63,Private,132222,Prof-school,1,Married-civ-spouse,Prof-specialty,Husband,White,Male,0,2415,40,United-States,>50K
69,Self-emp-not-inc,0,Some-college,1,Divorced,Machine-op-inspct,Not-in-family,White,Male,0,2205,27,United-States,<=50K
27,Private,285897,HS-grad,1,Married-civ-spouse,Prof-specialty,Husband,White,Male,0,0,34,United-States,>50K
30,Private,57651,HS-grad,1,Never-married,Adm-clerical,Unmarried,White,Male,0,2001,42,United-States,<=50K
39,Local-gov,132879,Bachelors,1,Married-civ-spouse,Prof-specialty,Husband,White,Male,0,1887,40,United-States,>50K
83,Private,181232,11th,1,Married-civ-spouse,Craft-repair,Husband,White,Male,0,2179,40,United-States,<=50K
57,unknown,118481,Bachelors,1,Married-civ-spouse,Prof-specialty,Husband,White,Male,0,1902,40,United-States,>50K
54,Private,163671,HS-grad,1,Married-civ-spouse,Transport-moving,Husband,White,Male,0,1887,65,United-States,>50K
46,Private,189498,Bachelors,1,Married-civ-spouse,Prof-specialty,Husband,White,Male,0,1848,45,United-States,>50K
74,Private,189680,Bachelors,1,Married-civ-spouse,Sales,Husband,White,Male,0,1977,40,United-States,>50K
33,Private,202046,Bachelors,1,Never-married,!,Not-in-family,White,Male,0,2001,31,United-States,<=50K
23,Private,162945,HS-grad,1,Married-civ-spouse,Sales,Husband,White,Male,0,2377,33,United-States,<=50K
46,Private,456062,Doctorate,1,Married-civ-spouse,Prof-specialty,Husband,White,Male,0,2415,55,United-States,>50K
43,Private,187728,Some-college,1,Married-civ-spouse,Prof-specialty,Wife,unknown,Female,0,1887,50,United-States,>50K
24,Federal-gov,210736,HS-grad,1,Never-married,Adm-clerical,Not-in-family,White,Female,0,1974,40,United-States,<=50K
74,Private,231377,Some-college,1,Married-civ-spouse,Exec-managerial,Husband,White,Male,0,1848,45,United-States,>50K
36,Private,370767,HS-grad,1,Married-civ-spouse,Prof-specialty,Husband,White,Male,0,2377,30,United-States,<=50K
68,?,192052,Some-college,1,Married-civ-spouse,?,Wife,White,Female,0,2457,40,United-States,<=50K
41,Federal-gov,185616,HS-grad,1,Never-married,Adm-clerical,Not-in-family,White,Female,0,1980,40,United-States,<=50K
31,unknown,201122,Bachelors,1,Married-civ-spouse,Sales,Husband,White,Male,0,1902,45,United-States,>50K
43,Private,184321,10th,1,Married-civ-spouse,Machine-op-inspct,Husband,Black,unknown,0,1887,40,United-States,>50K
19,Private,264390,Some-college,1,Never-married,Adm-clerical,Own-child,White,Female,0,2001,40,United-States,<=50K
55,Self-emp-inc,298449,Bachelors,1,Married-civ-spouse,Exec-managerial,Husband,White,Male,0,2415,36,United-States,>50K
78,Private,230858,Some-college,1,Married-civ-spouse,Craft-repair,Husband,White,Male,0,1977,60,United-States,>50K
46,Private,190115,Some-college,1,Married-civ-spouse,Sales,Husband,White,Male,0,1887,40,United-States,>50K
61,Private,102615,Masters,1,Married-civ-spouse,Protective-serv,Husband,White,Male,0,1977,40,United-States,>50K
41,Private,287306,HS-grad,1,Married-civ-spouse,Prof-specialty,Husband,White,Male,0,0,40,unknown,>50K
47,Self-emp-not-inc,177858,Bachelors,1,Divorced,Exec-managerial,Not-in-family,White,Male,0,1876,38,United-States,<=50K
31,Self-emp-not-inc,348038,123,1,Married-civ-spouse,Prof-specialty,Husband,White,unknown,0,1902,39,Puerto-Rico,>50K
37,Private,292855,Assoc-voc,1,Married-civ-spouse,Prof-specialty,Wife,White,Female,0,1887,35,unknown,>50K
26,unknown,131777,Bachelors,1,Married-civ-spouse,?,Husband,White,Male,0,2002,40,United-States,<=50K
39,Federal-gov,99146,Bachelors,1,Married-civ-spouse,Protective-serv,Husband,White,Male,0,1887,60,United-States,>50K
38,Self-emp-not-inc,342384,11th,1,Married-civ-spouse,Craft-repair,Own-child,White,Male,0,2129,48,United-States,<=50K
37,Self-emp-not-inc,162834,HS-grad,1,Married-civ-spouse,Sales,Husband,White,Male,0,1902,24,United-States,>50K
64,Self-emp-inc,59145,Doctorate,1,Married-civ-spouse,Exec-managerial,Husband,White,Male,0,1902,60,United-States,>50K
69,Private,228921,Bachelors,1,Widowed,!,Not-in-family,White,Male,0,2282,40,United-States,>50K
41,Private,347653,Prof-school,1,Married-civ-spouse,Prof-specialty,Husband,White,Male,0,1977,57,United-States,>50K
53,Self-emp-inc,96062,Bachelors,1,Married-civ-spouse,Exec-managerial,Husband,White,Male,0,1902,48,United-States,>50K
31,Private,263561,Bachelors,1,Married-civ-spouse,Exec-managerial,Husband,White,Male,0,2246,55,United-States,>50K
75,Private,122109,HS-grad,1,Separated,Adm-clerical,Unmarried,White,Female,0,1876,38,United-States,<=50K
30,Self-emp-inc,127651,HS-grad,1,Married-civ-spouse,Craft-repair,Husband,White,Male,0,1887,48,United-States,>50K
37,Private,188774,Bachelors,1,Never-married,Exec-managerial,Not-in-family,White,Male,0,2824,40,United-States,>50K
80,Private,25826,10th,1,Married-civ-spouse,Craft-repair,Husband,White,Male,0,1887,47,United-States,>50K
40,unknown,284706,unknown,1,Married-civ-spouse,Prof-specialty,Husband,Amer-Indian-Eskimo,Male,0,1977,60,United-States,>50K
59,Federal-gov,117299,HS-grad,1,Married-civ-spouse,Craft-repair,Husband,White,Male,0,1887,41,United-States,>50K
42,Self-emp-inc,23510,Masters,1,Divorced,Exec-managerial,Unmarried,Asian-Pac-Islander,Male,0,2201,84,India,>50K
56,Self-emp-not-inc,335605,123,1,Married-civ-spouse,Other-service,Husband,White,Male,0,1887,50,Canada,>50K
45,Private,145636,Masters,1,Married-civ-spouse,Exec-managerial,Husband,White,Male,0,1977,43,United-States,>50K
58,Private,121253,Bachelors,1,Married-spouse-absent,Sales,Unmarried,unknown,Female,0,2472,70,United-States,>50K
31,Private,183801,Masters,1,Married-civ-spouse,Prof-specialty,Husband,White,Male,0,1902,31,United-States,>50K
35,Private,203871,Assoc-voc,1,Married-civ-spouse,Prof-specialty,unknown,White,Female,0,1887,27,United-States,>50K
79,Self-emp-inc,121441,11th,1,Never-married,Exec-managerial,Other-relative,White,Male,0,2444,1,United-States,>50K
85,Self-emp-inc,107287,10th,1,Widowed,Exec-managerial,Unmarried,White,Female,0,2559,50,unknown,>50K
66,Private,143098,Doctorate,1,Married-civ-spouse,Prof-specialty,Husband,Asian-Pac-Islander,Male,0,1902,40,China,>50K
39,Private,244473,Assoc-voc,1,Married-civ-spouse,Tech-support,Husband,White,Male,0,2051,58,United-States,<=50K
46,Private,192963,Bachelors,1,Married-civ-spouse,Adm-clerical,Husband,Asian-Pac-Islander,Male,0,2415,35,Philippines,>50K
65,Self-emp-inc,81413,HS-grad,1,Married-civ-spouse,Farming-fishing,Husband,White,Male,0,2352,72,United-States,<=50K
61,Self-emp-not-inc,215591,HS-grad,1,Married-civ-spouse,Exec-managerial,Husband,White,Male,0,1887,59,unknown,>50K
39,Private,355468,HS-grad,1,Married-civ-spouse,Sales,Husband,White,Male,0,1887,46,United-States,>50K
37,Self-emp-not-inc,137527,Doctorate,1,Never-married,Prof-specialty,Not-in-family,White,Female,0,2559,1,United-States,>50K
36,Private,145933,HS-grad,1,unknown,Exec-managerial,Not-in-family,White,Male,0,2258,46,United-States,<=50K
65,Local-gov,186303,Some-college,1,Married-civ-spouse,Protective-serv,Husband,White,Male,0,1887,31,United-States,>50K
30,Local-gov,145692,Some-college,1,Never-married,Protective-serv,Not-in-family,Black,Male,0,1974,40,United-States,<=50K
67,Private,167770,HS-grad,1,Married-civ-spouse,Exec-managerial,unknown,White,Male,0,1902,1,United-States,>50K
74,Private,148549,Bachelors,1,Married-civ-spouse,Exec-managerial,Husband,White,Male,0,1902,50,unknown,>50K
90,Private,177408,HS-grad,1,Married-civ-spouse,Exec-managerial,Husband,White,Male,0,2377,26,United-States,>50K
37,Private,241998,Bachelors,1,Married-civ-spouse,Tech-support,Husband,White,Male,0,1977,40,United-States,>50K
60,Local-gov,242923,HS-grad,1,Married-civ-spouse,missing,Wife,White,Female,0,1848,40,United-States,>50K
81,State-gov,379885,Doctorate,1,Married-civ-spouse,Prof-specialty,Husband,White,Male,0,1902,40,United-States,>50K
54,Private,194360,HS-grad,1,Married-civ-spouse,Craft-repair,Husband,White,Male,0,1887,1,United-States,>50K
46,Local-gov,92431,Some-college,1,Never-married,Protective-serv,Not-in-family,White,Male,0,2231,56,United-States,>50K
47,Private,168232,HS-grad,1,Married-civ-spouse,Transport-moving,Husband,White,Male,0,1887,45,United-States,>50K
53,Private,110977,Masters,1,Married-civ-spouse,Exec-managerial,Husband,White,Male,0,1902,50,United-States,>50K
65,Self-emp-not-inc,111483,Some-college,1,Married-civ-spouse,Exec-managerial,Husband,White,Male,0,2174,6,United-States,>50K
46,Self-emp-inc,216414,Masters,1,Married-civ-spouse,Sales,Husband,White,Male,0,1977,64,United-States,>50K
60,Local-gov,177305,Some-college,1,Married-civ-spouse,Exec-managerial,Husband,White,Male,0,2377,58,United-States,<=50K
53,Private,193720,Some-college,1,Married-civ-spouse,Exec-managerial,Husband,White,Male,0,1977,1,United-States,>50K
30,Private,167309,Bachelors,1,Married-civ-spouse,Adm-clerical,Husband,White,Male,0,1902,54,United-States,>50K
69,Private,157249,Bachelors,1,Married-civ-spouse,Prof-specialty,unknown,Black,Male,0,1977,50,United-States,>50K
66,Private,315834,Bachelors,1,Never-married,Prof-specialty,Not-in-family,White,Female,0,1876,40,United-States,<=50K
62,Self-emp-not-inc,101534,Some-college,1,Married-civ-spouse,Exec-managerial,Husband,White,Male,0,1902,14,United-States,>50K
63,Self-emp-not-inc,35021,Bachelors,1,Married-civ-spouse,Prof-specialty,Husband,Asian-Pac-Islander,Male,0,1977,32,China,>50K
39,Private,348521,Some-college,1,Married-civ-spouse,Farming-fishing,Husband,White,Male,0,2415,99,United-States,>50K
46,Private,102318,Some-college,1,Married-civ-spouse,Transport-moving,Husband,White,Male,0,1887,40,United-States,>50K
43,Private,293305,Bachelors,1,Married-civ-spouse,Sales,Husband,White,Male,0,1887,40,United-States,>50K
42,Self-emp-inc,191196,Bachelors,1,Married-civ-spouse,Exec-managerial,Husband,White,Male,0,1977,60,?,>50K
76,Private,199688,Bachelors,1,Married-civ-spouse,Exec-managerial,Husband,White,Male,0,1977,60,?,>50K
88,Private,530099,Some-college,1,Married-civ-spouse,Craft-repair,Husband,White,Male,0,1887,41,United-States,>50K
59,Private,169982,Bachelors,1,Married-civ-spouse,Exec-managerial,Husband,White,Male,0,2002,50,United-States,<=50K
55,Private,192381,Bachelors,1,Married-civ-spouse,Prof-specialty,unknown,White,Male,0,1848,40,United-States,>50K
31,Private,291052,Some-college,1,Married-civ-spouse,Adm-clerical,Husband,White,Male,0,2051,40,United-States,<=50K
46,Private,315423,Some-college,1,Married-civ-spouse,Sales,Husband,White,Male,0,2042,50,United-States,<=50K
60,Self-emp-inc,329980,Bachelors,1,Married-civ-spouse,Sales,Husband,White,Male,0,2415,60,United-States,unknown
72,Self-emp-not-inc,52138,Doctorate,1,Married-civ-spouse,Prof-specialty,Husband,White,Male,0,2392,25,United-States,>50K
40,Private,287983,Bachelors,1,Never-married,!,Not-in-family,Asian-Pac-Islander,Female,0,2258,48,Philippines,<=50K
29,Private,81648,unknown,1,Married-civ-spouse,Sales,Husband,White,Male,0,1887,55,United-States,>50K
57,Local-gov,226443,Masters,1,Married-civ-spouse,Prof-specialty,Husband,White,Male,0,1887,43,United-States,>50K
50,Private,237608,unknown,1,Never-married,unknown,Not-in-family,White,Female,0,2444,45,United-States,>50K
34,Private,181091,Bachelors,1,Married-civ-spouse,missing,Husband,White,Male,0,1977,38,United-States,>50K
54,Self-emp-not-inc,109418,Bachelors,1,Married-civ-spouse,Exec-managerial,Wife,White,Female,0,1977,32,United-States,unknown
58,Self-emp-not-inc,147653,10th,1,Married-civ-spouse,Craft-repair,Wife,White,Female,0,1977,35,?,>50K
76,Private,159755,Bachelors,1,Married-civ-spouse,Exec-managerial,Husband,White,Male,0,1887,40,United-States,>50K
31,Private,37546,Bachelors,1,Married-civ-spouse,Exec-managerial,Wife,White,Female,0,0,35,United-States,>50K
74,State-gov,88638,Doctorate,1,Never-married,Prof-specialty,Other-relative,White,Female,0,3683,20,United-States,>50K
30,Private,148524,HS-grad,1,Married-civ-spouse,Transport-moving,Husband,White,Male,0,2057,40,United-States,<=50K
50,Private,207668,Bachelors,1,Never-married,Exec-managerial,Other-relative,White,Male,0,2444,28,United-States,>50K
57,Local-gov,238162,unknown,1,Married-civ-spouse,Protective-serv,Husband,White,Male,0,1887,50,United-States,>50K
27,Private,156516,unknown,1,Married-civ-spouse,Adm-clerical,Wife,Black,Female,0,2377,20,United-States,<=50K
34,Private,258666,Assoc-voc,1,Never-married,Tech-support,Not-in-family,White,Female,0,1974,40,United-States,unknown
48,Private,109832,Masters,1,Married-civ-spouse,Prof-specialty,Husband,White,Male,0,1902,40,United-States,>50K
17,Private,110970,Bachelors,1,unknown,Prof-specialty,Husband,White,Male,0,1902,40,United-States,>50K
40,State-gov,174283,Doctorate,1,Married-civ-spouse,Prof-specialty,Husband,White,Male,0,1887,50,United-States,>50K
69,Self-emp-not-inc,179557,HS-grad,1,Married-civ-spouse,Exec-managerial,Husband,White,Male,0,1977,56,United-States,>50K
54,Private,816750,HS-grad,1,Married-civ-spouse,Craft-repair,Husband,White,Male,0,2051,40,United-States,<=50K
76,State-gov,194682,Doctorate,1,Married-civ-spouse,Exec-managerial,Husband,White,Male,0,1902,46,United-States,>50K
58,Private,126104,Masters,1,Divorced,Adm-clerical,Not-in-family,White,Female,0,1980,45,United-States,<=50K
53,Local-gov,200190,Masters,1,Married-civ-spouse,Prof-specialty,Husband,White,Male,0,0,68,United-States,>50K
37,Private,193855,HS-grad,1,Married-civ-spouse,Craft-repair,Husband,White,Male,0,0,50,United-States,<=50K
50,Private,192982,HS-grad,1,Married-civ-spouse,Tech-support,Husband,White,Male,0,1848,40,United-States,>50K
68,?,257269,Bachelors,1,Married-civ-spouse,?,Husband,White,Male,0,2377,40,United-States,>50K
40,Local-gov,105717,unknown,1,Never-married,Adm-clerical,Not-in-family,White,Female,0,1876,25,United-States,<=50K
38,Self-emp-not-inc,0,Prof-school,1,Never-married,Prof-specialty,Not-in-family,White,Male,0,2824,45,United-States,>50K
45,Private,138626,123,1,Divorced,unknown,Not-in-family,White,Male,0,1876,51,United-States,<=50K
42,Private,146659,Doctorate,1,Married-civ-spouse,Prof-specialty,Husband,White,Male,0,1902,50,United-States,>50K
36,Private,206951,Bachelors,1,Married-civ-spouse,Sales,Husband,White,Male,0,1902,45,United-States,>50K
17,Private,139671,Some-college,1,Married-civ-spouse,Exec-managerial,Husband,White,unknown,0,1977,50,United-States,>50K
32,Private,168854,??,1,Married-civ-spouse,Sales,Husband,White,Male,0,1848,50,United-States,>50K
55,Private,246891,123,1,Married-civ-spouse,Sales,Husband,White,Male,0,1902,40,United-States,>50K
54,Private,308087,Some-college,1,Married-civ-spouse,Tech-support,Husband,White,Male,0,1977,18,United-States,>50K
42,Private,191765,HS-grad,1,Never-married,Adm-clerical,Other-relative,Black,Female,0,2339,40,Trinadad&Tobago,<=50K
71,unknown,122390,Some-college,1,Married-civ-spouse,Exec-managerial,Husband,White,Male,0,1977,64,United-States,>50K
47,Self-emp-not-inc,0,5th-6th,1,Married-civ-spouse,Sales,Husband,White,Male,0,2179,50,Mexico,<=50K
24,Self-emp-not-inc,322931,7th-8th,1,unknown,Transport-moving,Husband,White,unknown,0,1902,40,United-States,>50K
47,Private,284871,Bachelors,1,Married-civ-spouse,Exec-managerial,Husband,White,Male,0,1887,40,United-States,>50K
48,Private,331482,Prof-school,1,Married-civ-spouse,Tech-support,Husband,White,Male,0,1977,40,United-States,>50K
28,Private,114158,Bachelors,1,Married-civ-spouse,Prof-specialty,Wife,White,Female,0,0,24,United-States,>50K
39,Self-emp-inc,239755,Prof-school,1,Married-civ-spouse,Prof-specialty,Husband,White,unknown,0,1902,50,United-States,>50K
71,Private,110380,HS-grad,1,Married-civ-spouse,Sales,Husband,White,Male,0,2467,52,United-States,<=50K
40,Private,160369,Masters,1,Married-civ-spouse,Exec-managerial,Husband,White,Male,0,2415,53,United-States,>50K
63,Private,143582,5th-6th,1,Married-civ-spouse,Machine-op-inspct,Wife,Asian-Pac-Islander,Female,0,2129,99,?,<=50K
64,Private,115066,Some-college,1,Divorced,Adm-clerical,Unmarried,White,Female,0,2547,40,United-States,>50K
63,Private,383058,Bachelors,1,unknown,Sales,Husband,White,Male,0,1848,40,United-States,>50K
76,Private,175925,10th,1,Married-civ-spouse,Sales,Husband,White,Male,0,2179,52,United-States,<=50K
41,Self-emp-inc,125831,HS-grad,1,Married-civ-spouse,Sales,Husband,White,Male,0,0,55,United-States,>50K
53,Private,167735,Assoc-voc,1,Married-civ-spouse,Craft-repair,Husband,White,Male,0,1887,40,United-States,>50K
67,Self-emp-not-inc,100109,Masters,1,Married-civ-spouse,Exec-managerial,Husband,White,Male,0,1977,40,United-States,>50K
30,Self-emp-not-inc,404062,HS-grad,1,Married-civ-spouse,Prof-specialty,Husband,White,Male,0,1977,15,United-States,>50K
68,Private,172046,Masters,1,Married-civ-spouse,Exec-managerial,Husband,White,Male,0,1977,1,United-States,>50K
33,Self-emp-not-inc,170979,Prof-school,1,Married-civ-spouse,Prof-specialty,Husband,White,Male,0,1887,23,United-States,>50K
51,State-gov,68898,123,1,Divorced,Tech-support,Not-in-family,White,unknown,0,2444,54,United-States,>50K
54,Private,378384,Prof-school,1,Married-civ-spouse,bad_data,Husband,White,Male,0,1902,60,United-States,>50K
41,Self-emp-inc,151089,Some-college,1,Married-civ-spouse,Exec-managerial,Husband,White,Male,0,2415,63,United-States,>50K
50,Self-emp-not-inc,312477,HS-grad,1,Married-civ-spouse,Exec-managerial,Husband,White,Male,0,1887,40,United-States,>50K
51,###,110747,HS-grad,1,Married-civ-spouse,!,Husband,White,Male,0,1887,27,United-States,>50K
67,State-gov,192779,Assoc-acdm,1,Divorced,Adm-clerical,Unmarried,White,Male,0,2258,38,United-States,>50K
48,Private,183627,Bachelors,1,Married-civ-spouse,Exec-managerial,Husband,White,Male,0,1977,1,United-States,>50K
29,Private,239753,HS-grad,1,Married-civ-spouse,Adm-clerical,Wife,White,Female,0,2057,20,United-States,<=50K
54,Self-emp-inc,178510,Some-college,1,Never-married,Sales,Not-in-family,unknown,Male,0,2258,60,United-States,<=50K
42,Private,344624,HS-grad,1,Married-civ-spouse,Transport-moving,Husband,White,Male,0,1902,50,United-States,>50K
57,?,123147,123,1,Married-civ-spouse,?,Wife,White,Female,0,1887,40,United-States,>50K
32,Self-emp-inc,161153,HS-grad,1,Married-civ-spouse,Farming-fishing,Husband,White,Male,0,1902,55,United-States,>50K
41,Private,53956,Bachelors,1,Divorced,Sales,Not-in-family,White,Male,0,1980,56,United-States,<=50K
37,Self-emp-not-inc,68899,HS-grad,1,Married-civ-spouse,Craft-repair,Husband,White,Male,0,2129,40,United-States,<=50K
66,?,177351,Bachelors,1,Married-civ-spouse,?,Husband,White,Male,0,2174,49,United-States,>50K
30,Private,206046,unknown,1,Married-civ-spouse,Craft-repair,Husband,White,Male,0,1848,21,United-States,>50K
90,Private,51744,HS-grad,1,Never-married,Other-service,Not-in-family,Black,Male,0,2206,40,United-States,<=50K
26,unknown,366219,HS-grad,1,Married-civ-spouse,Craft-repair,Husband,Black,Male,0,1848,60,United-States,unknown
55,Private,208311,Masters,1,Married-civ-spouse,Tech-support,Husband,White,Male,0,1977,25,United-States,unknown
58,State-gov,194068,Masters,1,Married-civ-spouse,Prof-specialty,Husband,unknown,Male,0,1977,35,United-States,>50K
34,Private,203034,Bachelors,1,Separated,Sales,Not-in-family,White,Male,0,2824,50,United-States,>50K
43,Local-gov,96102,unknown,1,Married-civ-spouse,Protective-serv,Husband,White,Male,0,1887,24,United-States,>50K
71,Self-emp-not-inc,494223,Some-college,1,Separated,Sales,Unmarried,Black,Male,0,1816,1,United-States,<=50K
50,?,204577,??,1,Married-civ-spouse,?,Husband,Black,Male,0,1902,60,United-States,>50K
56,Self-emp-not-inc,50791,Masters,1,Divorced,Sales,Not-in-family,White,Male,0,1876,60,United-States,<=50K
52,Private,136204,Masters,1,Separated,Exec-managerial,Not-in-family,White,Male,0,2824,65,United-States,>50K
38,Local-gov,162613,Masters,1,Never-married,Prof-specialty,Not-in-family,White,Female,0,2258,60,United-States,<=50K
57,Self-emp-not-inc,413373,Doctorate,1,Married-civ-spouse,Sales,Husband,White,Male,0,1902,40,United-States,>50K
38,Private,234901,Masters,1,Married-civ-spouse,Exec-managerial,Husband,White,Male,0,1977,60,United-States,>50K
69,Private,360393,Masters,1,Married-civ-spouse,Exec-managerial,Husband,White,Male,0,1902,50,United-States,>50K
58,Self-emp-inc,198613,HS-grad,1,Married-civ-spouse,Exec-managerial,Husband,White,Male,0,2002,40,United-States,<=50K
84,Private,81116,Some-college,1,Divorced,Adm-clerical,Not-in-family,White,Male,0,1974,40,United-States,<=50K
34,Private,90614,Assoc-acdm,1,Married-civ-spouse,Tech-support,Husband,White,Male,0,2042,12,United-States,unknown
38,Federal-gov,0,Prof-school,1,Married-civ-spouse,Prof-specialty,Husband,White,Male,0,1977,50,United-States,>50K
50,Self-emp-inc,167793,Prof-school,1,Married-civ-spouse,Prof-specialty,Husband,White,Male,0,2415,85,United-States,>50K
71,Private,196545,Bachelors,1,Married-civ-spouse,Machine-op-inspct,Husband,White,Male,0,1902,34,United-States,>50K
36,Private,99146,Some-college,1,Married-civ-spouse,Machine-op-inspct,Husband,White,Male,0,1887,36,United-States,>50K
40,Self-emp-inc,110862,Assoc-acdm,1,Married-civ-spouse,Craft-repair,Husband,White,Male,0,2377,50,United-States,<=50K
58,Self-emp-not-inc,43221,unknown,1,Married-civ-spouse,Farming-fishing,Husband,White,Male,0,2415,40,United-States,>50K
65,Local-gov,99131,HS-grad,1,Married-civ-spouse,Prof-specialty,Other-relative,White,Female,0,0,52,United-States,>50K
71,Private,317847,Masters,1,Divorced,Exec-managerial,Not-in-family,White,Male,0,2824,55,United-States,>50K
57,Private,64960,Assoc-voc,1,Married-civ-spouse,Prof-specialty,Husband,White,Male,0,1902,45,United-States,<=50K
56,Private,386726,Masters,1,Married-civ-spouse,Prof-specialty,Wife,White,Female,0,1977,44,United-States,>50K
64,Private,149044,unknown,1,Married-civ-spouse,Prof-specialty,Husband,Asian-Pac-Islander,Male,0,2057,60,China,<=50K
29,Self-emp-inc,260729,HS-grad,1,Married-civ-spouse,Sales,Wife,White,Female,0,1977,25,United-States,>50K
36,Private,192939,Masters,1,Married-civ-spouse,Prof-specialty,Husband,White,Male,0,1977,60,United-States,>50K
36,Federal-gov,186934,Bachelors,1,Married-civ-spouse,Adm-clerical,Husband,White,Male,0,1848,55,United-States,>50K
53,Private,174020,Masters,1,Divorced,Prof-specialty,Unmarried,White,Female,0,1876,38,United-States,<=50K
73,Federal-gov,29591,Bachelors,1,Divorced,Tech-support,Not-in-family,White,Male,0,2258,40,United-States,>50K
67,Self-emp-inc,106175,Bachelors,1,Married-civ-spouse,Exec-managerial,Husband,White,unknown,0,2392,75,United-States,>50K
90,?,77053,HS-grad,1,Widowed,?,Not-in-family,White,Female,0,4356,57,United-States,<=50K
33,Private,194901,Assoc-voc,1,Separated,Craft-repair,Not-in-family,White,Male,0,2444,42,United-States,>50K
37,Self-emp-inc,107164,10th,1,Never-married,Transport-moving,Not-in-family,White,Male,0,2559,50,United-States,>50K
41,Self-emp-not-inc,111772,Assoc-acdm,1,Married-civ-spouse,Craft-repair,Husband,White,Male,0,1887,40,United-States,>50K
38,Private,111499,HS-grad,1,Married-civ-spouse,Sales,Husband,White,Male,0,1977,55,United-States,>50K
49,Private,101825,Masters,1,Married-civ-spouse,Prof-specialty,Wife,White,Female,0,1977,40,United-States,>50K
40,Private,320451,Doctorate,1,Married-civ-spouse,Prof-specialty,Husband,Asian-Pac-Islander,Male,0,1977,45,Hong,>50K
40,Private,107433,Bachelors,1,Married-civ-spouse,Exec-managerial,Husband,White,Male,0,1977,50,United-States,>50K
44,Private,216907,Assoc-acdm,1,Married-civ-spouse,Craft-repair,unknown,White,Male,0,1848,40,United-States,>50K
50,Self-emp-not-inc,42402,Prof-school,1,Married-civ-spouse,Prof-specialty,Husband,White,Male,0,2415,30,United-States,>50K
46,Private,129007,Bachelors,1,Married-civ-spouse,Sales,Husband,White,Male,0,1977,40,United-States,>50K
36,###,531055,HS-grad,1,Married-civ-spouse,Craft-repair,Husband,White,Male,0,1902,48,United-States,>50K
80,Self-emp-not-inc,205246,HS-grad,1,Never-married,Exec-managerial,Not-in-family,Black,Male,0,2559,71,United-States,>50K
28,Private,141957,Assoc-acdm,1,Married-civ-spouse,Tech-support,Husband,White,Male,0,1887,96,United-States,>50K
24,Private,0,HS-grad,1,Never-married,Other-service,Not-in-family,White,Female,0,1762,53,United-States,<=50K
70,Private,192776,Masters,1,Married-civ-spouse,Exec-managerial,Husband,White,Male,0,1977,37,United-States,>50K
31,Self-emp-not-inc,325355,Bachelors,1,Married-civ-spouse,Exec-managerial,Wife,unknown,Female,0,0,40,unknown,>50K
42,Private,154374,Bachelors,1,Married-civ-spouse,Exec-managerial,Husband,White,Male,0,2415,69,United-States,>50K
53,Private,299635,Masters,1,Married-civ-spouse,Exec-managerial,Husband,White,Male,0,1902,50,United-States,>50K
39,Self-emp-not-inc,202027,Prof-school,1,Married-civ-spouse,Prof-specialty,Husband,White,Male,0,1977,50,United-States,>50K
77,Self-emp-not-inc,71676,Some-college,1,Widowed,Adm-clerical,Not-in-family,White,unknown,0,1944,1,United-States,<=50K
80,Private,304504,Some-college,1,Married-civ-spouse,Transport-moving,Husband,White,Male,0,1887,45,United-States,>50K
70,Private,282642,??,1,Married-civ-spouse,Handlers-cleaners,Husband,White,Male,0,2174,40,United-States,>50K
84,Federal-gov,238192,HS-grad,1,Married-civ-spouse,Tech-support,Husband,White,Male,0,1887,35,United-States,unknown
29,Private,202878,7th-8th,1,Married-civ-spouse,Farming-fishing,Husband,White,Male,0,2042,40,United-States,<=50K
46,unknown,198759,Prof-school,1,Married-civ-spouse,Prof-specialty,Husband,White,Male,0,2415,60,United-States,>50K
20,Private,107801,Assoc-acdm,1,Never-married,Other-service,Own-child,White,Female,0,2205,18,United-States,<=50K
50,State-gov,181824,Bachelors,1,Married-civ-spouse,Prof-specialty,Wife,White,Female,0,1902,35,United-States,>50K
45,Private,214702,HS-grad,1,Never-married,Craft-repair,Not-in-family,White,Male,0,1974,35,United-States,<=50K
51,Private,0,Prof-school,1,Married-civ-spouse,Prof-specialty,Husband,White,Male,0,1977,80,United-States,>50K
90,?,118902,Doctorate,1,Married-civ-spouse,?,Husband,White,Male,0,2392,8,United-States,>50K
62,Local-gov,173005,Bachelors,1,unknown,Adm-clerical,Husband,White,Male,0,1848,54,United-States,>50K
57,Private,169329,HS-grad,1,Married-civ-spouse,Tech-support,Husband,Black,Male,0,1887,40,Trinadad&Tobago,>50K
31,State-gov,207505,Doctorate,1,Married-civ-spouse,Prof-specialty,Husband,unknown,Male,0,1977,70,United-States,>50K
49,unknown,107231,HS-grad,1,Married-civ-spouse,Craft-repair,Husband,White,Male,0,2002,40,United-States,<=50K
30,State-gov,199539,HS-grad,1,Married-civ-spouse,Adm-clerical,Husband,White,Male,0,1902,40,United-States,<=50K
58,Self-emp-not-inc,266707,1st-4th,1,Married-civ-spouse,Transport-moving,Husband,White,Male,0,2179,18,United-States,unknown
33,Private,236396,Bachelors,1,Married-civ-spouse,Sales,Husband,White,unknown,0,1902,55,United-States,>50K
36,Self-emp-not-inc,283122,HS-grad,1,Married-civ-spouse,Farming-fishing,Husband,White,Male,0,1902,60,United-States,>50K
48,Local-gov,273402,7th-8th,1,Married-civ-spouse,Transport-moving,Husband,White,Male,0,1902,40,United-States,<=50K
56,Private,51461,Bachelors,1,Married-civ-spouse,Adm-clerical,Husband,White,Male,0,1887,40,United-States,>50K
52,Private,164190,Some-college,1,Married-civ-spouse,Prof-specialty,Husband,White,Male,0,1902,38,United-States,>50K
57,Private,140426,Doctorate,1,Married-civ-spouse,Tech-support,Husband,White,Male,0,1977,40,Germany,>50K
66,Self-emp-not-inc,427422,Doctorate,1,Married-civ-spouse,Sales,Husband,White,Male,0,2377,22,United-States,>50K
58,Private,279015,Masters,1,Married-civ-spouse,Exec-managerial,Husband,White,Male,0,2415,70,Taiwan,>50K
45,Private,223999,9th,1,Married-civ-spouse,Other-service,Husband,White,Male,0,1848,40,United-States,>50K
56,Private,33394,Bachelors,1,Married-civ-spouse,Sales,Husband,White,Male,0,1887,36,United-States,>50K
76,Private,51835,Prof-school,1,Married-civ-spouse,Prof-specialty,Wife,White,Female,0,1902,33,unknown,>50K
41,Private,0,Bachelors,1,Married-civ-spouse,Tech-support,Husband,White,Male,0,1902,28,United-States,>50K
51,Private,119101,Some-college,1,Married-civ-spouse,Craft-repair,Husband,White,Male,0,1887,68,United-States,>50K
56,Self-emp-not-inc,162130,5th-6th,1,Married-civ-spouse,Exec-managerial,Husband,White,Male,0,1887,92,United-States,>50K
39,Private,156897,HS-grad,1,Never-married,Craft-repair,Own-child,White,Male,0,2258,42,United-States,>50K
41,Private,267252,Some-college,1,Married-civ-spouse,Machine-op-inspct,Husband,Black,Male,0,1902,40,United-States,>50K
48,Private,199529,Some-college,1,Separated,Tech-support,Not-in-family,Amer-Indian-Eskimo,Male,0,1980,40,United-States,<=50K
25,Private,77071,Bachelors,1,Never-married,Prof-specialty,Own-child,unknown,Female,0,2339,35,United-States,<=50K
58,Private,225394,HS-grad,1,Married-civ-spouse,Craft-repair,Husband,White,Male,0,1902,40,United-States,<=50K
46,Private,161637,123,1,Married-civ-spouse,Prof-specialty,Husband,Asian-Pac-Islander,Male,0,1902,40,Taiwan,>50K
17,Private,109133,Assoc-acdm,1,Married-civ-spouse,Sales,Husband,White,Male,0,1977,45,United-States,>50K
34,Private,182274,Some-college,1,Married-civ-spouse,Exec-managerial,Wife,White,Female,0,1887,40,United-States,>50K
39,###,0,Some-college,1,Never-married,Other-service,Own-child,Black,Female,0,2205,40,United-States,<=50K
52,Local-gov,423605,12th,1,Married-civ-spouse,Transport-moving,Husband,White,Male,0,1848,40,Nicaragua,>50K
57,unknown,175232,Some-college,1,Married-civ-spouse,Handlers-cleaners,Husband,White,Male,0,1977,60,United-States,>50K
49,Self-emp-inc,158685,??,1,Married-civ-spouse,Adm-clerical,Wife,White,Female,0,2377,40,United-States,>50K
38,Private,172538,Bachelors,1,Married-civ-spouse,Tech-support,Husband,White,Male,0,1977,40,United-States,>50K
43,Private,254146,Some-college,1,Married-civ-spouse,Craft-repair,Husband,White,Male,0,1902,40,United-States,>50K
44,Local-gov,250135,Masters,1,Married-civ-spouse,Prof-specialty,Wife,White,Female,0,1902,55,United-States,<=50K
28,Private,138692,Bachelors,1,Married-civ-spouse,Prof-specialty,Husband,White,Male,0,1887,39,United-States,>50K
78,Private,124808,Assoc-voc,1,Married-civ-spouse,Prof-specialty,Husband,White,Male,0,1977,50,Germany,>50K
35,Private,139364,HS-grad,1,Married-civ-spouse,Sales,Husband,White,unknown,0,1902,40,United-States,>50K
59,unknown,168569,HS-grad,1,Married-civ-spouse,Machine-op-inspct,Husband,White,Male,0,1887,40,unknown,>50K
34,Private,195136,Bachelors,1,Married-civ-spouse,Prof-specialty,Wife,White,Female,0,1887,31,United-States,>50K
57,Local-gov,286405,Doctorate,1,Married-civ-spouse,Exec-managerial,Husband,White,Male,0,1887,50,United-States,>50K
17,Private,104501,Bachelors,1,Married-civ-spouse,Exec-managerial,Husband,White,Male,0,1902,55,United-States,>50K
46,Private,261059,??,1,Married-civ-spouse,Prof-specialty,Husband,White,Male,0,1977,50,United-States,>50K
80,Private,87518,unknown,1,Never-married,Prof-specialty,Not-in-family,White,Male,0,1816,60,United-States,<=50K
36,Private,346478,Bachelors,1,Married-civ-spouse,Sales,Husband,White,Male,0,2415,45,United-States,>50K
52,Self-emp-inc,230767,Bachelors,1,Married-civ-spouse,Exec-managerial,Husband,White,Male,0,1902,54,Cuba,>50K
50,Self-emp-not-inc,182177,HS-grad,1,Married-civ-spouse,Craft-repair,Husband,White,Male,0,1902,27,United-States,>50K
47,Local-gov,285060,Masters,1,Married-civ-spouse,Exec-managerial,Husband,White,Male,0,1977,41,United-States,>50K
50,Private,133963,Bachelors,1,Married-civ-spouse,Prof-specialty,Wife,White,Female,0,1977,40,United-States,>50K
30,Private,48520,Assoc-acdm,1,Married-civ-spouse,Prof-specialty,Husband,White,Male,0,2002,40,United-States,<=50K
60,Private,167515,Some-college,1,Married-civ-spouse,Prof-specialty,Husband,White,Male,0,1977,50,United-States,>50K
47,Private,133758,HS-grad,1,Divorced,Exec-managerial,Not-in-family,White,Female,0,1974,40,United-States,<=50K
51,State-gov,285747,Masters,1,Married-civ-spouse,Prof-specialty,unknown,White,Male,0,1977,60,United-States,>50K
84,Federal-gov,422013,HS-grad,1,Divorced,Prof-specialty,Not-in-family,White,Female,0,3683,40,United-States,<=50K
50,Private,237729,HS-grad,1,Widowed,Sales,Not-in-family,White,Female,0,2444,72,United-States,>50K
51,Self-emp-not-inc,160724,Bachelors,1,Married-civ-spouse,Sales,Husband,Asian-Pac-Islander,Male,0,2415,40,China,>50K
51,Private,123011,Bachelors,1,Divorced,Exec-managerial,Not-in-family,White,Male,0,2559,50,United-States,>50K
68,Self-emp-not-inc,351161,Bachelors,1,Married-civ-spouse,Prof-specialty,Husband,White,Male,0,1887,40,United-States,>50K
41,Private,162140,HS-grad,1,Divorced,Craft-repair,Not-in-family,White,Male,0,2339,40,United-States,<=50K
50,Private,102346,Bachelors,1,Married-civ-spouse,Exec-managerial,Wife,White,Female,0,2415,20,United-States,>50K
54,Private,86837,HS-grad,1,Married-civ-spouse,Craft-repair,Husband,Asian-Pac-Islander,Male,0,1902,54,United-States,>50K
51,Private,210940,HS-grad,1,Married-civ-spouse,Sales,Husband,White,Male,0,2002,45,United-States,<=50K
43,Private,266439,Bachelors,1,Married-civ-spouse,Machine-op-inspct,Husband,White,Male,0,1887,40,United-States,>50K
54,Local-gov,289403,7th-8th,1,Married-civ-spouse,Craft-repair,Husband,Black,Male,0,1887,40,?,>50K
42,Self-emp-not-inc,170721,HS-grad,1,Married-civ-spouse,Craft-repair,Husband,White,Male,0,2002,40,United-States,<=50K
45,unknown,168262,unknown,1,Married-civ-spouse,Machine-op-inspct,Husband,White,Male,0,1887,43,United-States,>50K
60,?,141221,Bachelors,1,Married-civ-spouse,?,Husband,Asian-Pac-Islander,Male,0,2163,33,South,<=50K
42,Self-emp-not-inc,120837,HS-grad,1,Married-civ-spouse,Craft-repair,Husband,White,Male,0,2042,48,United-States,unknown
26,?,370727,Bachelors,1,Married-civ-spouse,?,Wife,White,Female,0,1977,40,United-States,>50K
54,Private,215990,Masters,1,Married-civ-spouse,Exec-managerial,Husband,White,Male,0,1887,44,United-States,>50K
70,Private,225456,Bachelors,1,Married-civ-spouse,Prof-specialty,Husband,White,Male,0,1977,57,United-States,>50K
62,Federal-gov,349230,Assoc-voc,1,Married-civ-spouse,Tech-support,Husband,White,Male,0,1848,42,United-States,>50K
54,Private,35576,Some-college,1,Married-civ-spouse,Sales,Husband,White,Male,0,2415,50,United-States,>50K
62,Self-emp-not-inc,34973,HS-grad,1,Married-civ-spouse,Farming-fishing,Husband,White,Male,0,1887,60,United-States,>50K
60,Private,25322,Bachelors,1,Married-spouse-absent,Machine-op-inspct,Not-in-family,Asian-Pac-Islander,Male,0,2339,40,?,unknown
27,Private,132805,10th,1,Never-married,Sales,Other-relative,White,Male,0,1980,40,United-States,<=50K
39,Private,201410,Bachelors,1,Married-civ-spouse,Transport-moving,Husband,White,Male,0,1977,45,Philippines,>50K
38,Local-gov,172855,Bachelors,1,Married-civ-spouse,Prof-specialty,Wife,Black,Female,0,1887,1,United-States,>50K
28,Private,184723,unknown,1,Never-married,unknown,unknown,White,Female,0,1980,35,United-States,<=50K
47,Private,138107,Bachelors,1,Divorced,Exec-managerial,Not-in-family,White,Male,0,2258,40,United-States,>50K
19,Private,198459,HS-grad,1,Never-married,Adm-clerical,Own-child,White,Male,0,2001,41,United-States,<=50K
50,Private,104501,HS-grad,1,Never-married,Adm-clerical,unknown,White,Male,0,1980,40,United-States,<=50K
45,State-gov,103406,Bachelors,1,Married-civ-spouse,Exec-managerial,Husband,White,Male,0,1977,68,United-States,>50K
40,Private,209547,Bachelors,1,Married-civ-spouse,Sales,Husband,White,Male,0,1977,71,United-States,>50K
37,Local-gov,218184,Bachelors,1,Married-civ-spouse,Prof-specialty,Husband,White,Male,0,1887,40,United-States,>50K
69,Private,34788,Some-college,1,Married-civ-spouse,Sales,Husband,White,Male,0,1887,40,United-States,>50K
83,Self-emp-inc,138594,HS-grad,1,Married-civ-spouse,Exec-managerial,Husband,White,Male,0,1977,45,United-States,>50K
78,Private,150876,HS-grad,1,Married-civ-spouse,Exec-managerial,Husband,Black,Male,0,1887,69,United-States,>50K
41,Private,37869,HS-grad,1,Married-civ-spouse,Sales,Husband,White,Male,0,1902,40,United-States,>50K
52,Private,124953,HS-grad,1,unknown,Other-service,Not-in-family,White,Male,0,1980,40,United-States,<=50K
46,Federal-gov,344415,Masters,1,Married-civ-spouse,Armed-Forces,Husband,White,Male,0,1887,40,United-States,>50K
43,unknown,147328,Masters,1,Married-civ-spouse,Exec-managerial,Husband,White,Male,0,1977,1,United-States,>50K
42,Federal-gov,52781,Masters,1,Married-civ-spouse,Prof-specialty,Husband,White,Male,0,1902,40,United-States,>50K
67,Private,105252,Bachelors,1,Widowed,Exec-managerial,Not-in-family,White,Male,0,2392,44,United-States,>50K
72,unknown,155106,Assoc-acdm,1,Divorced,Craft-repair,Not-in-family,White,Male,0,2444,70,United-States,>50K
45,Private,47314,Some-college,1,Married-civ-spouse,Craft-repair,Husband,White,Male,0,1902,40,?,>50K
48,Private,109814,Prof-school,1,Married-civ-spouse,!,unknown,White,Male,0,1977,24,United-States,>50K
28,Self-emp-not-inc,218555,123,1,Never-married,Transport-moving,Not-in-family,White,Male,0,1762,40,United-States,<=50K
31,Private,161765,Some-college,1,Married-civ-spouse,Sales,Husband,White,Male,0,2051,78,United-States,<=50K
78,Private,213290,Assoc-voc,1,Married-civ-spouse,Prof-specialty,Wife,White,Female,0,1887,36,United-States,>50K
42,Local-gov,188291,Bachelors,1,Married-civ-spouse,Protective-serv,Husband,White,Male,0,1902,40,United-States,>50K
76,Federal-gov,165630,HS-grad,1,Married-civ-spouse,Tech-support,Husband,White,Male,0,1977,54,United-States,>50K
64,Private,207578,Assoc-acdm,1,Married-civ-spouse,Tech-support,Husband,White,Male,0,1977,60,United-States,>50K
74,Private,172822,11th,1,Divorced,Transport-moving,Not-in-family,White,Male,0,2824,76,United-States,>50K
27,Federal-gov,469705,HS-grad,1,Never-married,Craft-repair,Not-in-family,Black,Male,0,1980,40,United-States,<=50K
51,Self-emp-not-inc,268639,Some-college,1,Married-civ-spouse,Prof-specialty,Wife,White,Female,0,2057,60,Canada,<=50K
50,Private,162327,Bachelors,1,Married-civ-spouse,Adm-clerical,Husband,White,Male,0,1902,50,?,>50K
17,Private,242564,7th-8th,1,Never-married,Handlers-cleaners,Not-in-family,Black,Male,0,2205,39,United-States,<=50K
58,Private,175856,Bachelors,1,Married-civ-spouse,Tech-support,Husband,White,Male,0,1902,40,United-States,>50K
60,State-gov,358893,Bachelors,1,Divorced,Prof-specialty,Not-in-family,White,Female,0,2339,40,United-States,<=50K
41,Self-emp-not-inc,186909,Masters,1,Married-civ-spouse,Sales,Wife,White,Female,0,1902,42,United-States,>50K
46,Private,214955,5th-6th,1,Divorced,Craft-repair,Not-in-family,White,Female,0,2339,24,United-States,<=50K
41,Private,253267,Some-college,1,Married-civ-spouse,Adm-clerical,Husband,Black,Male,0,1902,36,United-States,>50K
50,Local-gov,124963,HS-grad,1,Married-civ-spouse,Craft-repair,Husband,White,Male,0,1977,44,United-States,>50K
46,Local-gov,398986,Doctorate,1,Married-civ-spouse,Prof-specialty,Wife,White,Female,0,1902,52,United-States,>50K
45,Private,187901,HS-grad,1,Divorced,unknown,Not-in-family,unknown,Male,0,2258,44,United-States,>50K
44,Private,162028,Some-college,1,Married-civ-spouse,!,Wife,White,Female,0,2415,6,unknown,>50K
61,Self-emp-not-inc,36671,HS-grad,1,Married-civ-spouse,Farming-fishing,Husband,White,Male,0,2352,50,United-States,<=50K
37,Private,188540,HS-grad,1,Married-civ-spouse,Exec-managerial,Husband,White,unknown,0,1902,45,United-States,>50K
61,Private,43554,5th-6th,1,Never-married,!,Not-in-family,Black,Male,0,2339,40,United-States,<=50K
25,Private,111058,Some-college,1,Never-married,Adm-clerical,Not-in-family,White,Male,0,1980,35,United-States,<=50K
49,Private,149949,HS-grad,1,Divorced,Craft-repair,Not-in-family,White,Male,0,1876,40,United-States,<=50K
54,Self-emp-inc,111319,Assoc-acdm,1,Married-civ-spouse,Sales,Husband,White,Male,0,1887,45,United-States,>50K
27,Private,31659,Bachelors,1,Married-civ-spouse,Machine-op-inspct,Husband,unknown,Male,0,1887,31,United-States,>50K
26,Private,0,Some-college,1,Never-married,Adm-clerical,Not-in-family,White,Female,0,1974,40,unknown,<=50K
46,Self-emp-inc,191978,Masters,1,Married-civ-spouse,Exec-managerial,Husband,White,Male,0,2392,42,United-States,>50K
53,Local-gov,103995,Bachelors,1,Divorced,Prof-specialty,Not-in-family,White,Female,0,1876,54,United-States,<=50K
51,Private,153870,Some-college,1,Married-civ-spouse,Transport-moving,Husband,White,Male,0,2603,40,United-States,<=50K
53,Private,46990,Doctorate,1,Married-civ-spouse,bad_data,Wife,unknown,Female,0,1977,14,United-States,>50K
53,Private,149650,HS-grad,1,Never-married,Sales,Not-in-family,White,Male,0,2559,48,United-States,>50K
39,Private,77146,Bachelors,1,Married-civ-spouse,Exec-managerial,Husband,White,Male,0,1887,60,United-States,>50K
37,Self-emp-inc,183800,Assoc-acdm,1,Married-civ-spouse,Sales,Husband,White,Male,0,1887,1,United-States,unknown
62,Private,22211,Masters,1,Married-civ-spouse,Prof-specialty,Husband,White,Male,0,1902,80,United-States,>50K
38,Private,215504,Bachelors,1,Married-civ-spouse,Sales,Husband,White,Male,0,1848,53,United-States,>50K
37,Private,135436,Bachelors,1,Married-civ-spouse,Exec-managerial,Husband,White,unknown,0,1977,60,United-States,>50K
33,Local-gov,182971,Some-college,1,Married-civ-spouse,Protective-serv,Husband,White,Male,0,1887,40,United-States,>50K
42,Self-emp-inc,187702,Prof-school,1,Married-civ-spouse,Prof-specialty,Husband,White,Male,0,2415,60,United-States,>50K
60,Self-emp-not-inc,73091,HS-grad,1,Separated,Other-service,Not-in-family,Black,Male,0,1876,39,United-States,<=50K
35,Private,267866,HS-grad,1,Married-civ-spouse,missing,Husband,Asian-Pac-Islander,Male,0,1887,50,Iran,>50K
42,Private,467579,Bachelors,1,Married-civ-spouse,Exec-managerial,Husband,Black,Male,0,1887,51,United-States,>50K
39,Private,218490,Bachelors,1,Married-civ-spouse,Sales,Husband,White,Male,0,0,40,United-States,>50K
37,Private,298539,HS-grad,1,Married-civ-spouse,Exec-managerial,Husband,White,Male,0,1902,55,United-States,>50K
55,Private,33300,Assoc-voc,1,Married-civ-spouse,Sales,Husband,White,Male,0,1977,50,United-States,>50K
54,Federal-gov,108183,Masters,1,Married-civ-spouse,Prof-specialty,Husband,Asian-Pac-Islander,Male,0,1902,40,South,>50K
28,Private,0,10th,1,Widowed,Adm-clerical,Unmarried,White,Female,0,2238,35,United-States,<=50K
69,Private,153238,Bachelors,1,Married-civ-spouse,Exec-managerial,Husband,White,Male,0,1902,32,United-States,>50K
66,Private,105281,HS-grad,1,Widowed,Sales,Not-in-family,White,Female,0,1974,40,United-States,<=50K
62,Self-emp-inc,56248,Bachelors,1,Married-civ-spouse,Farming-fishing,Husband,White,Male,0,2415,60,United-States,>50K
33,Private,228696,1st-4th,1,Married-civ-spouse,Craft-repair,Not-in-family,White,Male,0,2603,32,Mexico,<=50K
51,Private,138179,unknown,1,Separated,Machine-op-inspct,unknown,White,Male,0,1876,40,United-States,<=50K
42,Private,107276,Some-college,1,Never-married,Exec-managerial,Not-in-family,White,Female,0,2444,47,United-States,>50K
74,Private,120131,unknown,1,Married-civ-spouse,unknown,Husband,White,Male,0,1887,47,United-States,>50K
50,Private,102615,HS-grad,1,Married-civ-spouse,Exec-managerial,Husband,unknown,Male,0,1902,40,United-States,>50K
35,Local-gov,90730,Bachelors,1,Married-civ-spouse,Prof-specialty,Husband,White,Male,0,1977,40,United-States,>50K
65,Private,265266,Bachelors,1,Married-civ-spouse,Prof-specialty,Husband,White,Male,0,1902,40,United-States,>50K
90,?,83043,??,1,Married-civ-spouse,?,Husband,White,Male,0,2179,45,United-States,<=50K
76,Self-emp-not-inc,208407,Bachelors,1,Married-civ-spouse,Prof-specialty,Husband,White,Male,0,2002,30,United-States,<=50K
41,Private,315877,HS-grad,1,Never-married,Other-service,Unmarried,White,Male,0,2001,42,United-States,<=50K
22,Federal-gov,32950,Some-college,1,Married-civ-spouse,Sales,Husband,White,Male,0,1902,21,United-States,<=50K
66,Private,49020,Masters,1,Never-married,missing,Not-in-family,White,Male,0,1974,40,United-States,<=50K
26,Private,215384,Bachelors,1,Never-married,!,Not-in-family,White,Male,0,1974,55,United-States,<=50K
42,Private,172297,??,1,Married-civ-spouse,Adm-clerical,Husband,White,Male,0,1902,26,United-States,>50K
52,Private,144361,Assoc-voc,1,Married-civ-spouse,Craft-repair,Husband,White,Male,0,1902,24,United-States,>50K
49,Private,137192,Bachelors,1,Married-civ-spouse,Sales,Husband,Asian-Pac-Islander,Male,0,1977,50,South,>50K
67,Private,118363,Bachelors,1,Divorced,Exec-managerial,unknown,White,Female,0,2206,5,United-States,<=50K
32,Private,127610,Bachelors,1,Married-civ-spouse,Prof-specialty,Wife,White,Female,0,1902,32,United-States,>50K
39,Private,284166,Bachelors,1,Married-civ-spouse,Prof-specialty,Husband,White,Male,0,1902,50,United-States,>50K
56,Self-emp-not-inc,145574,HS-grad,1,Married-civ-spouse,Other-service,Husband,White,Male,0,1902,60,United-States,>50K
42,###,323790,Bachelors,1,Married-civ-spouse,Exec-managerial,Husband,White,Male,0,1977,36,United-States,>50K
60,Private,179731,Masters,1,Married-civ-spouse,Exec-managerial,Wife,White,Female,0,2415,65,United-States,>50K
56,Private,204049,Some-college,1,Married-civ-spouse,Sales,Husband,White,Male,0,1848,51,United-States,>50K
58,Private,207668,Some-college,1,Married-civ-spouse,Handlers-cleaners,Husband,White,Male,0,1887,40,United-States,>50K
34,Private,277314,Assoc-acdm,1,Married-civ-spouse,Sales,Husband,Black,Male,0,1902,51,United-States,>50K
57,State-gov,24763,Masters,1,Married-civ-spouse,Prof-specialty,Husband,White,Male,0,1887,45,United-States,>50K
32,Self-emp-not-inc,410615,HS-grad,1,Married-civ-spouse,Transport-moving,Husband,White,Male,0,1887,60,United-States,>50K
70,Self-emp-inc,207938,Bachelors,1,Married-civ-spouse,Exec-managerial,Husband,White,Male,0,2377,51,United-States,>50K
45,Private,187033,HS-grad,1,Married-civ-spouse,Craft-repair,Husband,White,Male,0,2051,40,United-States,<=50K
53,Private,48343,HS-grad,1,Married-civ-spouse,Transport-moving,Husband,White,Male,0,1902,40,United-States,>50K
62,State-gov,254285,Doctorate,1,Married-civ-spouse,Prof-specialty,Husband,White,Male,0,1887,70,Germany,>50K
61,Local-gov,111252,Masters,1,unknown,Exec-managerial,Husband,White,Male,0,1977,27,United-States,>50K
37,Self-emp-not-inc,241463,HS-grad,1,Married-civ-spouse,Exec-managerial,Husband,White,Male,0,1848,65,United-States,>50K
43,Self-emp-not-inc,396758,Bachelors,1,Married-civ-spouse,Prof-specialty,Wife,White,Female,0,1887,70,United-States,>50K
30,Private,207301,HS-grad,1,Never-married,Sales,Not-in-family,White,Female,0,1980,40,United-States,<=50K
51,Federal-gov,163671,Bachelors,1,Married-civ-spouse,Exec-managerial,Husband,White,unknown,0,1902,45,United-States,<=50K
38,Private,101978,Some-college,1,Separated,Machine-op-inspct,Not-in-family,White,Male,0,2258,55,United-States,>50K
41,Private,77373,Some-college,1,Married-civ-spouse,Transport-moving,Husband,unknown,Male,0,0,65,United-States,>50K
85,Private,201822,7th-8th,1,Married-civ-spouse,Handlers-cleaners,Husband,White,Male,0,2002,40,United-States,<=50K
45,Private,84298,Assoc-voc,1,Married-civ-spouse,unknown,Husband,White,Male,0,1977,73,United-States,>50K
44,Private,286750,unknown,1,Married-civ-spouse,Exec-managerial,Husband,Black,Male,0,1902,40,United-States,>50K
78,Self-emp-inc,253741,HS-grad,1,Married-civ-spouse,Sales,Husband,White,Male,0,1825,10,United-States,>50K
66,Self-emp-not-inc,346635,Masters,1,Divorced,missing,Unmarried,White,Female,0,2339,69,United-States,<=50K
25,Private,117833,123,1,Never-married,Prof-specialty,Not-in-family,White,Female,0,1876,40,United-States,<=50K
49,State-gov,133917,Doctorate,1,Married-civ-spouse,Prof-specialty,Husband,Black,unknown,0,1902,46,?,>50K
30,Self-emp-inc,173858,Some-college,1,Married-civ-spouse,Exec-managerial,Husband,Asian-Pac-Islander,Male,0,1902,40,South,>50K
41,Private,214242,Bachelors,1,Married-civ-spouse,Prof-specialty,Husband,White,Male,0,1887,40,United-States,>50K
53,Private,283743,HS-grad,1,Married-civ-spouse,Transport-moving,Husband,White,Male,0,0,40,United-States,<=50K
66,?,186061,Some-college,1,Widowed,?,Unmarried,Black,Female,0,4356,42,United-States,<=50K
41,Private,383745,HS-grad,1,Married-civ-spouse,Machine-op-inspct,Husband,White,Male,0,1887,30,United-States,>50K
45,Private,233511,Bachelors,1,Married-civ-spouse,Exec-managerial,Husband,White,Male,0,1977,60,United-States,>50K
64,Local-gov,245307,Bachelors,1,Married-civ-spouse,Exec-managerial,Husband,White,Male,0,1977,68,United-States,>50K
43,Private,409922,Bachelors,1,Married-civ-spouse,Exec-managerial,Husband,White,unknown,0,1977,35,unknown,>50K
41,Private,188545,Assoc-acdm,1,Never-married,Adm-clerical,unknown,White,Female,0,1974,20,United-States,<=50K
33,Private,154981,Bachelors,1,Married-civ-spouse,Adm-clerical,Husband,White,Male,0,1902,50,United-States,>50K
41,Self-emp-inc,114580,123,1,Married-civ-spouse,Exec-managerial,Wife,White,Female,0,2415,55,United-States,>50K
81,Federal-gov,229062,Some-college,1,Married-civ-spouse,unknown,Husband,White,Male,0,1887,40,United-States,unknown
52,Private,198341,Masters,1,Married-civ-spouse,Prof-specialty,Husband,unknown,Male,0,1902,55,India,>50K
59,Private,100313,HS-grad,1,Married-civ-spouse,Exec-managerial,Husband,White,Male,0,1887,40,United-States,>50K
49,Private,101320,Assoc-acdm,1,Married-civ-spouse,Sales,Wife,White,Female,0,1902,40,United-States,>50K
43,Private,117037,11th,1,Married-civ-spouse,Transport-moving,Husband,White,Male,0,2042,40,United-States,<=50K
56,Private,186191,Masters,1,Married-civ-spouse,Prof-specialty,Husband,White,Male,0,1848,50,United-States,>50K
30,Private,236861,HS-grad,1,Never-married,Exec-managerial,Not-in-family,White,Male,0,1876,45,United-States,<=50K
44,Private,68729,Some-college,1,Married-civ-spouse,Sales,Husband,Asian-Pac-Islander,Male,0,1902,40,United-States,>50K
64,Private,99357,Bachelors,1,Married-civ-spouse,Exec-managerial,Wife,White,Female,0,1977,30,United-States,>50K
58,Private,201393,Assoc-acdm,1,Divorced,Adm-clerical,Not-in-family,White,Male,0,1876,40,United-States,<=50K
30,Private,174789,Assoc-acdm,1,Married-civ-spouse,Exec-managerial,Husband,White,Male,0,1848,50,United-States,>50K
39,Private,347491,11th,1,Divorced,Craft-repair,Not-in-family,White,Male,0,1876,52,United-States,<=50K
62,Private,357540,Bachelors,1,Married-civ-spouse,Sales,Husband,White,Male,0,2002,63,United-States,<=50K
47,unknown,146161,HS-grad,1,Married-civ-spouse,Exec-managerial,Husband,White,Male,0,1887,50,United-States,>50K
49,Private,34545,Some-college,1,Married-civ-spouse,Exec-managerial,Husband,White,Male,0,1887,40,United-States,>50K
55,Private,189623,Bachelors,1,Married-civ-spouse,Prof-specialty,Husband,White,Male,0,1887,58,United-States,>50K
28,State-gov,381789,Some-college,1,Separated,Exec-managerial,Own-child,White,unknown,0,2339,40,United-States,<=50K
78,Self-emp-inc,199768,HS-grad,1,Married-civ-spouse,unknown,Husband,White,Male,0,1902,30,unknown,>50K
52,Private,222405,HS-grad,1,Married-civ-spouse,Sales,Husband,Black,Male,0,2377,33,United-States,<=50K
48,Self-emp-not-inc,191277,Doctorate,1,Married-civ-spouse,unknown,Husband,White,Male,0,1902,61,United-States,>50K
34,Private,199864,Some-college,1,Married-civ-spouse,Adm-clerical,Wife,unknown,Female,0,2057,40,United-States,<=50K
17,?,174995,Some-college,1,Married-civ-spouse,?,Husband,White,Male,0,2457,40,United-States,<=50K
59,Private,170104,Bachelors,1,Married-civ-spouse,Exec-managerial,Husband,White,Male,0,1977,50,United-States,>50K
53,Federal-gov,271544,HS-grad,1,Married-civ-spouse,Adm-clerical,Husband,Black,Male,0,1977,1,United-States,>50K
57,Private,314153,Bachelors,1,Married-civ-spouse,Sales,Husband,White,Male,0,1887,55,United-States,>50K
47,Local-gov,162187,Some-college,1,Married-civ-spouse,unknown,Husband,White,Male,0,1887,40,United-States,>50K
32,Federal-gov,148138,Bachelors,1,Married-civ-spouse,Prof-specialty,Husband,Asian-Pac-Islander,Male,0,2002,40,Iran,<=50K
51,Private,197163,Prof-school,1,Never-married,Prof-specialty,Not-in-family,White,Female,0,2559,46,United-States,>50K
72,State-gov,303176,Some-college,1,Married-civ-spouse,unknown,Husband,White,Male,0,2179,40,United-States,<=50K
64,Private,35910,Bachelors,1,Married-civ-spouse,Exec-managerial,Husband,White,Male,0,0,43,United-States,>50K
55,Private,180714,Some-college,1,Married-civ-spouse,Transport-moving,Husband,Black,Male,0,2179,40,United-States,<=50K
38,Private,187870,Prof-school,1,Married-civ-spouse,Prof-specialty,Husband,White,Male,0,2415,90,United-States,>50K
70,Self-emp-not-inc,143833,Some-college,1,Married-civ-spouse,Exec-managerial,Husband,White,Male,0,2246,40,United-States,>50K
26,Private,164488,Masters,1,Married-civ-spouse,Prof-specialty,Husband,White,Male,0,1887,1,United-States,>50K
52,Private,129177,Bachelors,1,Widowed,Other-service,Not-in-family,White,Female,0,2824,18,United-States,>50K
40,Private,187802,Some-college,1,Married-civ-spouse,Handlers-cleaners,Husband,White,Male,0,1887,24,United-States,>50K
49,Local-gov,298445,Prof-school,1,Married-civ-spouse,Prof-specialty,Wife,White,Female,0,1977,87,United-States,>50K
47,Self-emp-inc,192894,Bachelors,1,Married-civ-spouse,unknown,Husband,White,Male,0,1902,45,United-States,>50K
17,Local-gov,180686,Masters,1,Married-civ-spouse,Prof-specialty,Husband,White,Male,0,1977,57,United-States,>50K
90,Self-emp-inc,66624,unknown,1,Married-civ-spouse,Exec-managerial,Husband,White,Male,0,2392,60,United-States,>50K
36,Private,115717,Some-college,1,Married-civ-spouse,Adm-clerical,Husband,White,Male,0,2051,26,United-States,<=50K
42,Private,44121,Masters,1,Divorced,Prof-specialty,Not-in-family,White,Female,0,1876,40,United-States,<=50K
68,State-gov,55863,Doctorate,1,Married-civ-spouse,Prof-specialty,Wife,White,Female,0,1902,27,United-States,>50K
27,Self-emp-inc,120126,Bachelors,1,Married-civ-spouse,Exec-managerial,Husband,White,Male,0,1887,48,United-States,>50K
36,Self-emp-inc,108293,Bachelors,1,Married-civ-spouse,Exec-managerial,Wife,White,Female,0,1977,45,United-States,>50K
78,Private,158702,Some-college,1,Never-married,Adm-clerical,Not-in-family,Black,Female,0,2339,45,?,<=50K
83,?,234083,HS-grad,1,Divorced,?,Not-in-family,White,Female,0,2205,40,United-States,<=50K
61,Private,29059,HS-grad,1,Divorced,Sales,Unmarried,unknown,Female,0,2754,25,United-States,<=50K
47,Local-gov,154033,Some-college,1,Divorced,Prof-specialty,Not-in-family,White,Female,0,1876,40,United-States,<=50K
48,Self-emp-not-inc,258298,Bachelors,1,Never-married,Adm-clerical,Own-child,White,Male,0,2231,26,United-States,>50K
43,Private,201723,Masters,1,Married-civ-spouse,Exec-managerial,Husband,White,Male,0,1902,40,United-States,>50K
61,?,202106,HS-grad,1,Married-civ-spouse,?,Husband,White,Male,0,1902,40,United-States,>50K
67,Private,197816,Some-college,1,Married-civ-spouse,Sales,Husband,White,Male,0,1844,70,United-States,<=50K
90,Self-emp-not-inc,116903,Assoc-voc,1,Married-civ-spouse,Prof-specialty,Husband,White,Male,0,2149,40,United-States,<=50K
52,Private,78012,HS-grad,1,Widowed,Sales,Unmarried,White,unknown,0,1762,58,United-States,<=50K
49,Private,329603,Bachelors,1,Married-civ-spouse,Craft-repair,Husband,White,Male,0,1902,40,United-States,>50K
50,Private,102858,Assoc-acdm,1,Married-civ-spouse,Prof-specialty,Husband,White,Male,0,2002,59,United-States,<=50K
34,Private,216864,HS-grad,1,Divorced,Other-service,Unmarried,White,Female,0,3770,51,United-States,<=50K
41,Private,445382,Masters,1,Married-civ-spouse,Exec-managerial,Husband,White,Male,0,1977,65,United-States,>50K
39,Private,80324,Some-college,1,Married-civ-spouse,Exec-managerial,Husband,White,Male,0,1977,62,United-States,>50K
70,Private,363677,Doctorate,1,Married-civ-spouse,Prof-specialty,Wife,White,Female,0,1977,30,United-States,>50K
56,Private,183612,HS-grad,1,Married-civ-spouse,Prof-specialty,Husband,White,Male,0,1977,40,United-States,>50K
65,Private,104196,Bachelors,1,Married-civ-spouse,Prof-specialty,Husband,White,Male,0,1887,40,United-States,>50K
61,Private,123273,5th-6th,1,Divorced,Transport-moving,Not-in-family,White,Male,0,1876,56,United-States,<=50K
61,Private,179743,HS-grad,1,Married-civ-spouse,Craft-repair,Husband,White,Male,0,2051,13,United-States,<=50K
41,Private,121718,Assoc-voc,1,Married-civ-spouse,Tech-support,Husband,White,Male,0,1848,48,United-States,>50K
61,Private,199900,Assoc-acdm,1,Married-civ-spouse,Exec-managerial,Husband,White,Male,0,1848,55,United-States,>50K
46,Self-emp-inc,328216,Bachelors,1,Married-civ-spouse,Sales,Husband,White,Male,0,1902,52,?,>50K
71,Private,337195,Some-college,1,Married-civ-spouse,Sales,Husband,White,Male,0,1902,50,United-States,>50K
60,Self-emp-not-inc,122307,??,1,Married-civ-spouse,Sales,Husband,White,Male,0,1887,40,United-States,unknown
49,Self-emp-inc,213140,HS-grad,1,Married-civ-spouse,unknown,Husband,White,Male,0,1902,76,United-States,>50K
42,?,212206,Masters,1,Married-civ-spouse,?,Wife,White,Female,0,1887,48,United-States,>50K
59,Local-gov,29819,Masters,1,Married-civ-spouse,Exec-managerial,Husband,Black,Male,0,1977,50,United-States,>50K
60,Private,126675,HS-grad,1,Divorced,Craft-repair,Not-in-family,White,Male,0,2205,21,United-States,<=50K
29,Local-gov,190525,Bachelors,1,Married-civ-spouse,Prof-specialty,Husband,White,Male,0,1848,37,Germany,>50K
36,Private,237943,Bachelors,1,Married-civ-spouse,Prof-specialty,Husband,White,Male,0,1977,36,United-States,>50K
50,Self-emp-inc,201689,7th-8th,1,Married-civ-spouse,Craft-repair,Husband,White,Male,0,1977,63,?,>50K
40,Federal-gov,298635,Masters,1,Married-civ-spouse,Tech-support,Husband,Asian-Pac-Islander,Male,0,1902,40,Philippines,>50K
31,unknown,339482,HS-grad,1,Married-civ-spouse,Craft-repair,Husband,White,Male,0,1848,40,United-States,>50K
39,Private,141584,Masters,1,Never-married,Sales,Not-in-family,White,Male,0,2444,32,United-States,>50K
51,Private,96062,Some-college,1,Married-civ-spouse,Sales,Husband,White,Male,0,1977,40,United-States,>50K
42,Private,173704,unknown,1,Married-civ-spouse,Sales,Husband,White,Male,0,1887,50,United-States,>50K
63,Private,54985,HS-grad,1,Married-civ-spouse,Machine-op-inspct,Husband,White,Male,0,1887,40,United-States,>50K
56,Private,193453,Bachelors,1,Married-civ-spouse,Prof-specialty,Husband,White,Male,0,1902,65,United-States,>50K
86,Private,121362,Some-college,1,Widowed,Adm-clerical,Unmarried,White,Female,0,2258,38,United-States,>50K
41,Self-emp-not-inc,144594,7th-8th,1,Married-civ-spouse,Craft-repair,Husband,White,Male,0,2179,40,United-States,<=50K
39,Self-emp-not-inc,218490,Prof-school,1,Married-civ-spouse,Prof-specialty,Husband,White,Male,0,2415,50,?,>50K
84,Private,149811,HS-grad,1,Divorced,Adm-clerical,Unmarried,White,Female,0,2206,59,Canada,<=50K
58,Private,314092,Assoc-voc,1,Married-civ-spouse,Craft-repair,Husband,White,Male,0,1887,48,United-States,>50K
43,Private,289669,Masters,1,Divorced,Prof-specialty,Unmarried,White,Female,0,2547,37,United-States,>50K
44,Private,355728,Some-college,1,Separated,Exec-managerial,Not-in-family,White,Male,0,1980,45,England,<=50K
35,Private,67728,Some-college,1,Married-civ-spouse,Craft-repair,Husband,White,Male,0,2051,45,United-States,<=50K
43,Private,149184,Prof-school,1,Married-civ-spouse,Prof-specialty,Husband,White,Male,0,1977,50,United-States,>50K
55,Private,323706,Some-college,1,Married-civ-spouse,Exec-managerial,Husband,White,Male,0,1902,46,United-States,>50K
65,State-gov,215908,HS-grad,1,Married-civ-spouse,Adm-clerical,Husband,White,Male,0,2174,40,United-States,>50K
61,Self-emp-not-inc,30073,HS-grad,1,Married-civ-spouse,!,Husband,White,Male,0,1848,60,United-States,>50K
57,Private,173832,unknown,1,Married-civ-spouse,Sales,Husband,White,Male,0,1902,40,United-States,>50K
57,Federal-gov,370890,HS-grad,1,Never-married,Adm-clerical,Not-in-family,White,Male,0,2258,44,United-States,<=50K
45,Private,198223,Bachelors,1,Married-civ-spouse,Sales,Husband,White,Male,0,1902,45,United-States,>50K
67,Self-emp-not-inc,48102,Some-college,1,Married-civ-spouse,Exec-managerial,Wife,White,Female,0,1977,54,United-States,>50K
41,Private,125831,HS-grad,1,Married-civ-spouse,Craft-repair,Husband,White,Male,0,2051,60,United-States,<=50K
19,?,241616,HS-grad,1,Never-married,?,Unmarried,White,Male,0,2001,40,United-States,<=50K
59,Private,209297,HS-grad,1,Never-married,Machine-op-inspct,Not-in-family,Black,Male,0,2001,40,United-States,unknown
65,Federal-gov,23494,Some-college,1,Married-civ-spouse,Exec-managerial,Husband,Black,Male,0,2174,40,United-States,>50K
70,Self-emp-not-inc,155141,Bachelors,1,Married-civ-spouse,Craft-repair,Husband,White,Male,0,2377,1,United-States,>50K
17,Private,171150,HS-grad,1,Married-civ-spouse,Exec-managerial,Husband,White,Male,0,1887,33,United-States,>50K
50,Private,320510,Bachelors,1,Married-civ-spouse,Exec-managerial,Husband,White,Male,0,1902,40,United-States,>50K
24,Private,85088,HS-grad,1,Never-married,Sales,Own-child,White,unknown,0,1762,32,United-States,<=50K
55,Self-emp-inc,227856,Bachelors,1,Married-civ-spouse,Exec-managerial,Husband,White,Male,0,2415,45,United-States,>50K
52,Private,195635,HS-grad,1,Married-civ-spouse,Machine-op-inspct,Husband,White,Male,0,0,38,United-States,<=50K
37,Self-emp-inc,30529,Bachelors,1,Married-civ-spouse,Sales,Husband,White,Male,0,2415,50,United-States,>50K
17,Private,34626,Some-college,1,Divorced,Exec-managerial,Not-in-family,White,Female,0,1980,30,United-States,<=50K
44,Self-emp-not-inc,201742,Bachelors,1,Married-civ-spouse,Exec-managerial,Husband,White,Male,0,2415,50,United-States,>50K
40,Private,212847,Some-college,1,Married-civ-spouse,Machine-op-inspct,Husband,White,Male,0,2179,40,United-States,<=50K
46,Federal-gov,213140,Masters,1,Married-civ-spouse,Exec-managerial,Husband,White,Male,0,1977,40,United-States,>50K
46,Self-emp-not-inc,131091,Bachelors,1,Married-civ-spouse,Sales,Husband,White,Male,0,1902,40,United-States,>50K
74,Self-emp-not-inc,119129,HS-grad,1,Married-civ-spouse,Sales,Husband,White,Male,0,2149,20,United-States,<=50K
35,Private,54595,10th,1,Widowed,Other-service,Not-in-family,Black,Female,0,1980,40,United-States,<=50K
32,Private,244147,Bachelors,1,Never-married,Prof-specialty,Not-in-family,White,Male,0,1876,31,United-States,<=50K
43,State-gov,33331,Prof-school,1,Married-civ-spouse,Prof-specialty,Husband,White,Male,0,1977,70,United-States,>50K
70,Self-emp-not-inc,105010,HS-grad,1,Married-civ-spouse,Farming-fishing,Husband,White,Male,0,2051,20,United-States,<=50K
68,Private,139671,unknown,1,Married-civ-spouse,Prof-specialty,Husband,White,Male,0,1902,40,United-States,>50K
27,Private,175387,Bachelors,1,Never-married,Exec-managerial,Not-in-family,White,Male,0,1876,40,United-States,<=50K
54,Private,88278,Doctorate,1,Married-civ-spouse,Prof-specialty,Husband,White,Male,0,1977,50,United-States,>50K
28,Private,147560,Some-college,1,Married-civ-spouse,Sales,Husband,White,Male,0,1902,68,United-States,>50K
30,Private,220148,HS-grad,1,Married-civ-spouse,Craft-repair,Husband,White,Male,0,1848,50,United-States,>50K
45,Private,126889,Bachelors,1,Married-civ-spouse,Sales,Husband,White,Male,0,1887,79,United-States,>50K
73,Private,336007,Bachelors,1,Married-civ-spouse,Prof-specialty,Husband,White,Male,0,2246,40,United-States,>50K
36,Private,180667,HS-grad,1,Married-civ-spouse,Craft-repair,Husband,White,Male,0,1887,55,United-States,>50K
33,Self-emp-inc,117963,Assoc-acdm,1,Married-civ-spouse,unknown,Husband,White,Male,0,1887,79,United-States,>50K
43,Private,274363,Bachelors,1,Married-civ-spouse,Exec-managerial,Husband,White,Male,0,1902,44,England,>50K
51,Private,252903,10th,1,Married-civ-spouse,Sales,Husband,White,Male,0,1977,40,United-States,>50K
35,Private,185556,unknown,1,Married-civ-spouse,Prof-specialty,Husband,White,Male,0,1887,40,United-States,>50K
41,Private,264663,Some-college,1,Separated,Prof-specialty,Own-child,White,Female,0,3900,40,United-States,<=50K
34,Private,112115,Prof-school,1,Married-civ-spouse,Prof-specialty,Husband,White,Male,0,1977,55,United-States,>50K
36,Self-emp-not-inc,36270,HS-grad,1,Married-civ-spouse,Farming-fishing,Husband,White,Male,0,0,65,United-States,>50K
60,Self-emp-inc,226355,Assoc-voc,1,Married-civ-spouse,Machine-op-inspct,Husband,White,Male,0,2415,70,?,>50K
80,Self-emp-not-inc,105478,Bachelors,1,Married-civ-spouse,bad_data,Husband,White,Male,0,2415,40,United-States,>50K
34,Self-emp-not-inc,77209,HS-grad,1,Married-civ-spouse,Sales,Husband,White,Male,0,1902,60,United-States,>50K
61,Private,181219,Bachelors,1,Married-civ-spouse,Prof-specialty,Husband,White,Male,0,1848,40,United-States,>50K
20,?,114746,11th,1,Married-spouse-absent,?,Own-child,Asian-Pac-Islander,Female,0,1762,42,South,<=50K
90,Private,152307,HS-grad,1,Married-civ-spouse,Exec-managerial,Husband,White,unknown,0,2377,45,unknown,>50K
59,unknown,185041,Masters,1,Married-civ-spouse,Exec-managerial,Husband,White,Male,0,1977,28,United-States,>50K
33,Private,112115,Bachelors,1,Married-civ-spouse,Exec-managerial,Husband,White,Male,0,1902,45,unknown,>50K
17,Private,165953,HS-grad,1,Married-civ-spouse,Machine-op-inspct,Husband,White,Male,0,1902,40,United-States,<=50K
52,Private,143953,Bachelors,1,Married-civ-spouse,Prof-specialty,Husband,White,Male,0,1902,40,United-States,>50K
45,Private,341995,Assoc-voc,1,Married-civ-spouse,Prof-specialty,Husband,White,Male,0,1902,42,United-States,>50K
47,Private,43953,HS-grad,1,Never-married,Adm-clerical,Other-relative,White,Female,0,1974,40,United-States,<=50K
23,Private,0,Some-college,1,Married-civ-spouse,Machine-op-inspct,Husband,White,Male,0,1902,40,United-States,<=50K
54,Self-emp-inc,206964,Some-college,1,Married-civ-spouse,Sales,Husband,White,Male,0,1977,40,United-States,>50K
55,Private,359972,??,1,Married-civ-spouse,Exec-managerial,Husband,White,Male,0,1887,34,United-States,>50K
31,Private,118710,Masters,1,Married-civ-spouse,Tech-support,Husband,White,Male,0,1902,40,United-States,>50K
71,State-gov,0,Doctorate,1,Married-civ-spouse,Exec-managerial,Husband,White,Male,0,1902,44,United-States,unknown
32,State-gov,182556,Bachelors,1,Married-civ-spouse,Protective-serv,Husband,White,Male,0,1887,45,United-States,>50K
50,Self-emp-not-inc,371305,HS-grad,1,Married-civ-spouse,Sales,Husband,White,Male,0,1902,60,United-States,>50K
57,Private,173796,HS-grad,1,Married-civ-spouse,Transport-moving,Husband,White,Male,0,1887,40,United-States,>50K
57,Local-gov,244522,Masters,1,Married-civ-spouse,Prof-specialty,Husband,White,Male,0,1902,48,United-States,>50K
55,Private,193130,HS-grad,1,Married-civ-spouse,Handlers-cleaners,Husband,White,Male,0,1887,40,United-States,>50K
67,Local-gov,121718,Masters,1,Married-civ-spouse,Exec-managerial,Husband,White,Male,0,1902,60,United-States,>50K
53,?,152569,Assoc-voc,1,Widowed,bad_data,Not-in-family,White,unknown,0,2339,36,United-States,<=50K
46,Private,102771,Masters,1,Married-civ-spouse,Tech-support,Husband,White,Male,0,1977,40,United-States,>50K
40,Private,146908,HS-grad,1,Married-civ-spouse,Prof-specialty,Husband,White,Male,0,1902,31,United-States,>50K
39,Private,165215,Masters,1,Married-civ-spouse,!,Wife,White,Female,0,1902,23,United-States,>50K
36,Private,218689,Masters,1,Married-civ-spouse,Sales,Husband,White,Male,0,1977,50,unknown,>50K
28,Private,303954,HS-grad,1,Married-civ-spouse,Craft-repair,Husband,White,Male,0,1848,40,United-States,>50K
36,Local-gov,52532,Doctorate,1,Married-civ-spouse,Prof-specialty,Husband,White,Male,0,1887,31,United-States,>50K
72,Self-emp-not-inc,285408,Prof-school,1,Married-civ-spouse,Prof-specialty,Husband,White,Male,0,2246,22,United-States,>50K
80,Private,41108,??,1,Widowed,Farming-fishing,Not-in-family,White,Male,0,2258,77,United-States,>50K
44,Self-emp-not-inc,343190,Some-college,1,Married-civ-spouse,Craft-repair,unknown,White,Male,0,1887,55,United-States,>50K
42,Federal-gov,74680,Masters,1,Divorced,Adm-clerical,Not-in-family,White,Male,0,2001,60,United-States,<=50K
41,Private,174575,HS-grad,1,Married-civ-spouse,Transport-moving,Husband,White,Male,0,1887,45,United-States,>50K
17,Private,459189,Some-college,1,Married-civ-spouse,!,Husband,White,Male,0,1902,32,United-States,>50K
54,Private,27882,Some-college,1,Never-married,Machine-op-inspct,Other-relative,White,Female,0,2205,40,Holand-Netherlands,<=50K
21,Private,377931,Some-college,1,Married-civ-spouse,Exec-managerial,Husband,White,Male,0,2377,48,United-States,<=50K
39,Private,218490,Bachelors,1,Married-civ-spouse,Exec-managerial,Husband,White,Male,0,1977,22,United-States,>50K
30,Private,84119,Some-college,1,Married-civ-spouse,Craft-repair,Husband,White,Male,0,2051,40,United-States,<=50K
80,Private,168553,HS-grad,1,Married-civ-spouse,Craft-repair,unknown,White,Male,0,1977,40,United-States,>50K
39,Private,176296,HS-grad,1,Married-civ-spouse,Transport-moving,Husband,Black,unknown,0,1887,27,United-States,>50K
44,Private,213955,HS-grad,1,Never-married,Adm-clerical,Own-child,Black,Male,0,2001,40,United-States,<=50K
50,Private,327825,HS-grad,1,Separated,Machine-op-inspct,Unmarried,White,Female,0,2238,40,United-States,<=50K
43,Private,266324,HS-grad,1,Married-civ-spouse,Craft-repair,Husband,White,Male,0,1902,99,United-States,>50K
43,Private,113324,HS-grad,1,Married-civ-spouse,Craft-repair,Husband,White,Male,0,1902,40,United-States,>50K
42,unknown,213821,HS-grad,1,Married-civ-spouse,Craft-repair,Husband,White,Male,0,1887,40,United-States,>50K
46,Private,51471,HS-grad,1,Married-civ-spouse,Tech-support,Wife,White,Female,0,1902,33,United-States,>50K
30,Private,129707,Some-college,1,unknown,Sales,Husband,White,Male,0,1848,40,United-States,>50K
57,Federal-gov,199114,unknown,1,Never-married,Adm-clerical,Not-in-family,White,Male,0,2258,40,United-States,<=50K
26,Private,181655,Assoc-voc,1,Married-civ-spouse,Adm-clerical,Husband,White,Male,0,2377,45,United-States,<=50K
39,Local-gov,177907,HS-grad,1,Married-civ-spouse,Protective-serv,Husband,White,Male,0,1887,40,United-States,>50K
41,Local-gov,33068,Masters,1,Divorced,Prof-specialty,Not-in-family,White,Male,0,1974,40,United-States,<=50K
43,Private,118308,Bachelors,1,Married-civ-spouse,Prof-specialty,Husband,White,Male,0,1977,42,United-States,>50K
46,Self-emp-not-inc,102308,Bachelors,1,Married-civ-spouse,Sales,Husband,White,Male,0,2415,40,United-States,>50K
57,unknown,141570,Masters,1,Married-civ-spouse,Exec-managerial,Husband,Black,Male,0,1977,40,United-States,>50K
35,Private,187119,Bachelors,1,Divorced,Sales,Not-in-family,White,Female,0,1980,82,United-States,unknown
35,Private,401930,HS-grad,1,Married-civ-spouse,Adm-clerical,Wife,White,Female,0,1887,42,United-States,>50K
68,State-gov,235882,Doctorate,1,Married-civ-spouse,missing,Husband,White,Male,0,2377,60,United-States,>50K
68,Private,218637,Some-college,1,Married-civ-spouse,Sales,Husband,White,Male,0,2377,55,United-States,>50K
36,Private,183739,HS-grad,1,Married-civ-spouse,Craft-repair,Own-child,White,Female,0,2002,40,United-States,<=50K
27,unknown,116358,Some-college,1,Never-married,Craft-repair,Own-child,Asian-Pac-Islander,unknown,0,1980,40,Philippines,<=50K
52,State-gov,125796,Masters,1,Married-civ-spouse,Prof-specialty,Wife,Black,Female,0,1848,40,United-States,>50K
33,Private,288825,HS-grad,1,Divorced,Craft-repair,Not-in-family,White,Male,0,2258,99,United-States,<=50K
46,Private,59083,Bachelors,1,Married-civ-spouse,Adm-clerical,Husband,White,Male,0,1902,39,United-States,>50K
43,unknown,105862,Some-college,1,Married-civ-spouse,Adm-clerical,Wife,White,Female,0,1902,40,United-States,>50K
17,Self-emp-not-inc,0,123,1,Married-civ-spouse,!,Husband,White,Male,0,1902,80,United-States,>50K
38,Self-emp-not-inc,93206,Bachelors,1,Married-civ-spouse,Exec-managerial,Husband,Asian-Pac-Islander,Male,0,1902,65,United-States,>50K
74,State-gov,269417,Doctorate,1,Never-married,Exec-managerial,Not-in-family,White,Female,0,2258,65,United-States,>50K
43,Local-gov,34640,HS-grad,1,Married-civ-spouse,Exec-managerial,Husband,Other,Male,0,1887,40,United-States,>50K
36,Private,32776,Bachelors,1,Married-civ-spouse,Exec-managerial,Husband,White,Male,0,1977,46,United-States,>50K
41,Private,122381,Some-college,1,Married-civ-spouse,Craft-repair,Husband,White,Male,0,1887,52,United-States,>50K
38,Private,159179,Some-college,1,Married-civ-spouse,Exec-managerial,Husband,White,Male,0,1902,67,United-States,>50K
71,Local-gov,135102,HS-grad,1,Married-civ-spouse,Other-service,Husband,White,Male,0,2002,45,United-States,<=50K
54,Private,93605,HS-grad,1,Married-civ-spouse,Sales,Husband,White,Male,0,1848,40,United-States,>50K
55,Local-gov,160472,??,1,Married-civ-spouse,Exec-managerial,Husband,White,Male,0,1977,50,United-States,>50K
36,Local-gov,410034,unknown,1,unknown,Prof-specialty,Husband,White,Male,0,1887,40,United-States,>50K
35,Local-gov,116960,Masters,1,Married-civ-spouse,Prof-specialty,Husband,White,Male,0,1887,38,United-States,>50K
41,Private,70037,unknown,1,Never-married,Craft-repair,Unmarried,White,Male,0,3004,60,?,>50K
44,Private,340885,Bachelors,1,Married-civ-spouse,Machine-op-inspct,Husband,White,Male,0,1977,40,United-States,>50K
82,Self-emp-not-inc,325732,HS-grad,1,Married-civ-spouse,Exec-managerial,Husband,White,Male,0,1902,52,United-States,>50K
36,Private,156667,Bachelors,1,Married-civ-spouse,Prof-specialty,Husband,White,Male,0,1902,74,United-States,>50K
51,Local-gov,123011,Masters,1,Married-civ-spouse,Prof-specialty,Husband,White,Male,0,1977,32,United-States,>50K
41,Self-emp-inc,139916,Assoc-voc,1,unknown,Sales,Husband,Other,Male,0,2179,84,Mexico,<=50K
52,Private,251905,Prof-school,1,Never-married,Prof-specialty,Not-in-family,White,Male,0,2339,40,Canada,<=50K
64,Self-emp-not-inc,175943,Assoc-voc,1,Married-civ-spouse,Prof-specialty,Wife,White,Female,0,1977,15,United-States,>50K
56,Private,0,Masters,1,Married-civ-spouse,Craft-repair,Husband,White,Male,0,1977,44,United-States,>50K
17,Federal-gov,331615,Doctorate,1,Married-civ-spouse,Prof-specialty,Husband,White,Male,0,1848,40,United-States,>50K
50,Private,128143,Bachelors,1,Married-civ-spouse,Craft-repair,Husband,White,Male,0,1887,50,United-States,>50K
56,Self-emp-inc,123838,Prof-school,1,Married-civ-spouse,Prof-specialty,Husband,White,Male,0,1977,50,United-States,>50K
52,unknown,226975,Some-college,1,Never-married,Sales,Own-child,White,Male,0,1876,60,United-States,<=50K
34,State-gov,318982,unknown,1,Married-civ-spouse,Machine-op-inspct,Husband,White,Male,0,1848,56,United-States,>50K
75,Private,151584,HS-grad,1,Divorced,Sales,Own-child,White,Male,0,1876,31,United-States,<=50K
52,Private,108435,Masters,1,Married-civ-spouse,Exec-managerial,Husband,White,Male,0,1902,50,Greece,>50K
47,Self-emp-inc,102308,Prof-school,1,Married-civ-spouse,Prof-specialty,Husband,White,Male,0,2415,56,United-States,>50K
68,Private,146659,Masters,1,Married-civ-spouse,Prof-specialty,Husband,White,Male,0,1887,35,United-States,>50K
50,Private,184424,Some-college,1,Married-civ-spouse,Adm-clerical,Wife,White,Female,0,1902,38,United-States,>50K
44,Self-emp-inc,191712,Masters,1,Married-civ-spouse,Prof-specialty,Husband,White,Male,0,2415,80,United-States,>50K
23,Private,275818,Some-college,1,Never-married,Sales,Not-in-family,White,Female,0,1974,23,United-States,<=50K
39,Private,91367,Masters,1,Married-civ-spouse,Exec-managerial,Husband,White,Male,0,1848,45,United-States,>50K
50,Private,168212,Masters,1,Married-civ-spouse,Craft-repair,Husband,White,Male,0,1902,58,United-States,>50K
59,Private,136081,HS-grad,1,Married-civ-spouse,Machine-op-inspct,Husband,White,Male,0,2051,1,United-States,<=50K
44,Private,277647,HS-grad,1,Married-civ-spouse,Sales,Husband,White,Male,0,1902,1,United-States,>50K
67,Private,182314,Doctorate,1,Married-civ-spouse,Exec-managerial,Husband,White,Male,0,1977,70,United-States,>50K
41,Self-emp-inc,223671,HS-grad,1,Married-civ-spouse,Sales,Husband,White,Male,0,1887,55,United-States,>50K
43,Private,81243,Bachelors,1,Divorced,bad_data,Not-in-family,White,Male,0,1876,31,United-States,<=50K
80,State-gov,153451,HS-grad,1,Married-civ-spouse,Tech-support,Wife,White,Female,0,1887,40,United-States,>50K
56,Private,189975,Some-college,1,Married-civ-spouse,Craft-repair,Husband,White,Male,0,1902,60,United-States,>50K
39,Local-gov,86551,HS-grad,1,Divorced,!,Not-in-family,White,Male,0,1876,40,United-States,<=50K
60,Private,345705,Bachelors,1,Married-civ-spouse,Sales,Husband,White,Male,0,1977,50,United-States,>50K
39,Federal-gov,376455,123,1,Married-civ-spouse,Prof-specialty,Husband,White,Male,0,1887,50,United-States,>50K
62,unknown,23780,Assoc-voc,1,Married-civ-spouse,Exec-managerial,Husband,White,Male,0,1977,45,United-States,unknown
67,Federal-gov,30916,Some-college,1,Married-civ-spouse,Exec-managerial,Husband,White,Male,0,1902,50,United-States,>50K
43,Private,228860,Some-college,1,Married-civ-spouse,Exec-managerial,Husband,White,Male,0,1887,54,United-States,>50K
56,Self-emp-not-inc,94156,Prof-school,1,Married-civ-spouse,Prof-specialty,Husband,unknown,Male,0,1977,50,United-States,>50K
43,Private,336513,Some-college,1,Married-civ-spouse,Exec-managerial,Husband,White,Male,0,1902,55,United-States,>50K
31,Local-gov,102942,Some-college,1,Never-married,Other-service,Not-in-family,White,Female,0,2001,40,United-States,<=50K
58,Self-emp-inc,349910,Prof-school,1,Married-civ-spouse,Prof-specialty,Husband,White,Male,0,1977,72,United-States,>50K
41,Private,137126,Bachelors,1,Married-civ-spouse,Prof-specialty,Husband,White,Male,0,1977,37,United-States,>50K
38,Federal-gov,248919,HS-grad,1,Married-civ-spouse,Transport-moving,Husband,White,Male,0,2051,25,United-States,<=50K
34,Federal-gov,190228,Bachelors,1,Married-civ-spouse,Protective-serv,Husband,White,Male,0,1902,64,United-States,>50K
47,Self-emp-not-inc,213668,unknown,1,Married-civ-spouse,Prof-specialty,Husband,White,Male,0,1977,33,United-States,>50K
41,Private,352812,Some-college,1,Married-civ-spouse,Exec-managerial,Wife,White,Female,0,0,40,United-States,>50K
68,Private,265097,HS-grad,1,Married-civ-spouse,Other-service,unknown,White,Male,0,1902,40,United-States,>50K
53,Private,126569,Masters,1,Married-civ-spouse,Exec-managerial,Husband,White,Male,0,1977,53,United-States,>50K
46,Private,38918,123,1,unknown,Transport-moving,Not-in-family,White,Male,0,1876,75,United-States,<=50K
42,Self-emp-not-inc,214242,Prof-school,1,unknown,missing,Husband,White,Male,0,1902,37,United-States,>50K
42,Private,145711,Masters,1,Married-civ-spouse,Prof-specialty,Husband,White,Male,0,1902,50,United-States,>50K
71,State-gov,155594,Some-college,1,Married-civ-spouse,Sales,Husband,White,Male,0,1887,40,United-States,>50K
50,Private,138179,Assoc-acdm,1,unknown,Craft-repair,Husband,White,Male,0,1902,26,United-States,>50K
63,Self-emp-inc,188738,HS-grad,1,Married-civ-spouse,Exec-managerial,Husband,White,Male,0,1977,60,Italy,>50K
38,Self-emp-not-inc,43712,11th,1,Married-civ-spouse,unknown,Husband,White,Male,0,1887,45,United-States,>50K
53,Private,55213,HS-grad,1,Married-civ-spouse,Machine-op-inspct,Husband,White,Male,0,1977,38,United-States,>50K
37,Private,103121,Bachelors,1,Married-civ-spouse,Exec-managerial,Wife,White,Female,0,1848,40,United-States,>50K
31,?,85077,unknown,1,Married-civ-spouse,?,unknown,White,Female,0,1902,20,United-States,>50K
43,Private,112181,Assoc-voc,1,Married-civ-spouse,Tech-support,Wife,White,Female,0,1902,32,United-States,>50K
26,Private,279833,Bachelors,1,Never-married,Exec-managerial,Not-in-family,White,Male,0,2258,45,United-States,>50K
41,Private,121102,Assoc-acdm,1,Never-married,Tech-support,Not-in-family,White,Female,0,2001,30,United-States,<=50K
17,State-gov,136546,Doctorate,1,Married-civ-spouse,Prof-specialty,Husband,White,Male,0,1902,40,United-States,>50K
41,Private,84610,Bachelors,1,Married-civ-spouse,missing,Husband,White,Male,0,1902,60,United-States,>50K
47,unknown,272944,Bachelors,1,Married-civ-spouse,Exec-managerial,Husband,White,Male,0,1887,40,United-States,>50K
60,Private,73471,Bachelors,1,Married-civ-spouse,Exec-managerial,Husband,White,Male,0,1887,47,United-States,>50K
42,Self-emp-inc,130126,Bachelors,1,Married-civ-spouse,Prof-specialty,Husband,White,Male,0,1977,40,United-States,>50K
71,Self-emp-not-inc,353012,HS-grad,1,Married-civ-spouse,Craft-repair,Husband,White,Male,0,1902,40,United-States,>50K
90,Private,147551,Some-college,1,Married-civ-spouse,Prof-specialty,Husband,White,Male,0,2174,55,United-States,>50K
45,Local-gov,199590,Some-college,1,Married-civ-spouse,Craft-repair,Husband,White,Male,0,1887,40,Mexico,>50K
52,unknown,351161,HS-grad,1,Married-civ-spouse,Sales,Husband,White,Male,0,1848,45,United-States,>50K
26,Private,36936,Assoc-voc,1,Married-civ-spouse,Craft-repair,Husband,White,Male,0,2002,40,United-States,<=50K
44,Private,326232,Bachelors,1,Divorced,Exec-managerial,Unmarried,White,Male,0,2547,27,United-States,>50K
